0,1,2695.8126294036497
1,0,2695.8126294036497
0,2,2060.3985327943237
2,0,2060.3985327943237
0,3,3098.8077593871226
3,0,3098.8077593871226
0,4,1667.2881784969127
4,0,1667.2881784969127
0,5,1717.1858570809593
5,0,1717.1858570809593
0,6,1847.7539716296765
6,0,1847.7539716296765
0,7,2666.2795750844757
7,0,2666.2795750844757
0,8,1858.1914506626786
8,0,1858.1914506626786
0,9,3320.578725040273
9,0,3320.578725040273
0,10,1677.6232485002154
10,0,1677.6232485002154
0,11,1656.8846657526913
11,0,1656.8846657526913
0,12,3574.0839573258368
12,0,3574.0839573258368
0,13,1719.28561566565
13,0,1719.28561566565
0,14,1059.1132557168548
14,0,1059.1132557168548
0,15,727.942642624144
15,0,727.942642624144
0,16,2964.5137281177144
16,0,2964.5137281177144
0,17,3459.336852190535
17,0,3459.336852190535
0,18,3904.333258057314
18,0,3904.333258057314
0,19,1803.0200662477855
19,0,1803.0200662477855
0,20,4157.766976662084
20,0,4157.766976662084
0,21,1957.9977272514723
21,0,1957.9977272514723
0,22,1690.7880241630305
22,0,1690.7880241630305
0,23,2819.432592211858
23,0,2819.432592211858
0,24,2466.214385719913
24,0,2466.214385719913
0,25,2757.6084956388163
25,0,2757.6084956388163
0,26,4101.18702424651
26,0,4101.18702424651
0,27,6099.89862405804
27,0,6099.89862405804
0,28,2935.789025147012
28,0,2935.789025147012
0,29,3553.185493923924
29,0,3553.185493923924
0,30,2134.7648285137634
30,0,2134.7648285137634
0,31,2288.5858416078836
31,0,2288.5858416078836
0,32,1860.3548707703073
32,0,1860.3548707703073
0,33,3404.0492085582264
33,0,3404.0492085582264
0,34,2825.829031462569
34,0,2825.829031462569
0,35,1663.797935085266
35,0,1663.797935085266
0,36,1575.9655166867988
36,0,1575.9655166867988
0,37,3091.123590840247
37,0,3091.123590840247
0,38,2604.7415655716836
38,0,2604.7415655716836
0,39,2784.8389281662176
39,0,2784.8389281662176
0,40,2147.58838474158
40,0,2147.58838474158
0,41,1805.2828534210607
41,0,1805.2828534210607
0,42,1753.8222489756888
42,0,1753.8222489756888
0,43,2078.959803983743
43,0,2078.959803983743
0,44,2155.1333287817497
44,0,2155.1333287817497
0,45,1480.4629394153353
45,0,1480.4629394153353
0,46,4363.143680940034
46,0,4363.143680940034
0,47,1957.376823274993
47,0,1957.376823274993
0,48,3478.3566079787547
48,0,3478.3566079787547
0,49,1378.4027066836547
49,0,1378.4027066836547
0,50,1984.874260925359
50,0,1984.874260925359
0,51,2720.1386586819613
51,0,2720.1386586819613
0,52,1423.6609934920873
52,0,1423.6609934920873
0,53,2592.2883525498864
53,0,2592.2883525498864
0,54,1640.0893203318185
54,0,1640.0893203318185
0,55,1584.3481232542404
55,0,1584.3481232542404
0,56,2123.649296334157
56,0,2123.649296334157
0,57,2959.7744676125926
57,0,2959.7744676125926
0,58,1655.2378895969352
58,0,1655.2378895969352
0,59,2973.0591580958207
59,0,2973.0591580958207
1,2,1675.8336915454001
2,1,1675.8336915454001
1,3,691.475517747232
3,1,691.475517747232
1,4,1543.5485503529944
4,1,1543.5485503529944
1,5,2050.3395287069384
5,1,2050.3395287069384
1,6,1820.4241250858693
6,1,1820.4241250858693
1,7,474.58343619508867
7,1,474.58343619508867
1,8,2199.396395943862
8,1,2199.396395943862
1,9,412.0142745586866
9,1,412.0142745586866
1,10,2013.61870694415
10,1,2013.61870694415
1,11,1336.434160937595
11,1,1336.434160937595
1,12,1379.645269267571
12,1,1379.645269267571
1,13,1667.7020505596763
13,1,1667.7020505596763
1,14,1404.9785304640159
14,1,1404.9785304640159
1,15,1502.9266683281694
15,1,1502.9266683281694
1,16,1297.7347089365946
16,1,1297.7347089365946
1,17,390.8686414629399
17,1,390.8686414629399
1,18,3135.686653078861
18,1,3135.686653078861
1,19,1474.576829739011
19,1,1474.576829739011
1,20,4442.402552135064
20,1,4442.402552135064
1,21,2773.819500131595
21,1,2773.819500131595
1,22,2854.624129517185
22,1,2854.624129517185
1,23,3839.19076401435
23,1,3839.19076401435
1,24,2142.0546013289177
24,1,2142.0546013289177
1,25,3747.699506325859
25,1,3747.699506325859
1,26,2550.0000125336346
26,1,2550.0000125336346
1,27,5976.229476203791
27,1,5976.229476203791
1,28,3244.095370556316
28,1,3244.095370556316
1,29,4252.406069087313
29,1,4252.406069087313
1,30,2077.359585050211
30,1,2077.359585050211
1,31,2971.33898263281
31,1,2971.33898263281
1,32,2985.366608267945
32,1,2985.366608267945
1,33,4040.709950024765
33,1,4040.709950024765
1,34,2760.5405101251276
34,1,2760.5405101251276
1,35,2185.9100423584355
35,1,2185.9100423584355
1,36,1854.7007690240523
36,1,1854.7007690240523
1,37,2093.1834959123344
37,1,2093.1834959123344
1,38,1487.6427778848924
38,1,1487.6427778848924
1,39,2244.616605531788
39,1,2244.616605531788
1,40,2935.6815363452356
40,1,2935.6815363452356
1,41,2208.292496266912
41,1,2208.292496266912
1,42,2863.6780049165986
42,1,2863.6780049165986
1,43,2612.7808419857743
43,1,2612.7808419857743
1,44,2938.069439679687
44,1,2938.069439679687
1,45,2449.1447797988562
45,1,2449.1447797988562
1,46,4992.446745014742
46,1,4992.446745014742
1,47,2203.1208972111413
47,1,2203.1208972111413
1,48,5230.705052619851
48,1,5230.705052619851
1,49,1781.3278100773919
49,1,1781.3278100773919
1,50,2234.215196903152
50,1,2234.215196903152
1,51,2559.323869693101
51,1,2559.323869693101
1,52,1759.5053752652889
52,1,1759.5053752652889
1,53,3332.212225252852
53,1,3332.212225252852
1,54,1787.0167791669355
54,1,1787.0167791669355
1,55,1910.0257529016076
55,1,1910.0257529016076
1,56,2942.4280704426615
56,1,2942.4280704426615
1,57,3900.068707342072
57,1,3900.068707342072
1,58,2701.303361422338
58,1,2701.303361422338
1,59,2967.597314566156
59,1,2967.597314566156
2,3,2381.8818018044303
3,2,2381.8818018044303
2,4,1694.1785463390727
4,2,1694.1785463390727
2,5,1265.6785955668204
5,2,1265.6785955668204
2,6,1856.2718217797471
6,2,1856.2718217797471
2,7,2369.1296468199025
7,2,2369.1296468199025
2,8,1852.402926620986
8,2,1852.402926620986
2,9,2527.7413639948595
9,2,2527.7413639948595
2,10,1787.5331753494252
10,2,1787.5331753494252
2,11,1590.9860669404193
11,2,1590.9860669404193
2,12,2491.6963922902332
12,2,2491.6963922902332
2,13,1748.5864481053056
13,2,1748.5864481053056
2,14,1439.3224343684255
14,2,1439.3224343684255
2,15,1001.6207621792358
15,2,1001.6207621792358
2,16,2449.8153447557115
16,2,2449.8153447557115
2,17,3375.6407669137357
17,2,3375.6407669137357
2,18,3142.6439751979606
18,2,3142.6439751979606
2,19,1920.867284448405
19,2,1920.867284448405
2,20,3188.187450867419
20,2,3188.187450867419
2,21,1604.2473435514414
21,2,1604.2473435514414
2,22,1610.1028179341872
22,2,1610.1028179341872
2,23,2567.5861110699852
23,2,2567.5861110699852
2,24,1545.2591688098694
24,2,1545.2591688098694
2,25,2479.738700189246
25,2,2479.738700189246
2,26,2512.229051748515
26,2,2512.229051748515
2,27,5010.030757745742
27,2,5010.030757745742
2,28,2794.6346197010857
28,2,2794.6346197010857
2,29,3303.6866915596174
29,2,3303.6866915596174
2,30,1433.0100939374065
30,2,1433.0100939374065
2,31,2844.334971416786
31,2,2844.334971416786
2,32,2536.434198663819
32,2,2536.434198663819
2,33,2304.2751398231076
33,2,2304.2751398231076
2,34,1541.7241864217424
34,2,1541.7241864217424
2,35,1364.3990916562834
35,2,1364.3990916562834
2,36,1113.9969954394355
36,2,1113.9969954394355
2,37,1780.9242504164445
37,2,1780.9242504164445
2,38,1342.8373690936112
38,2,1342.8373690936112
2,39,1706.6728671506178
39,2,1706.6728671506178
2,40,2109.924106366975
40,2,2109.924106366975
2,41,1590.4688943197748
41,2,1590.4688943197748
2,42,1688.2493002865006
42,2,1688.2493002865006
2,43,2345.3876626894307
43,2,2345.3876626894307
2,44,2545.076229379829
44,2,2545.076229379829
2,45,1661.467361914673
45,2,1661.467361914673
2,46,3862.777814735531
46,2,3862.777814735531
2,47,1523.3758747025215
47,2,1523.3758747025215
2,48,4241.966109620895
48,2,4241.966109620895
2,49,1453.8543446076396
49,2,1453.8543446076396
2,50,1315.88382685342
50,2,1315.88382685342
2,51,2160.224774896957
51,2,2160.224774896957
2,52,1501.7875483380105
52,2,1501.7875483380105
2,53,2405.118904492661
53,2,2405.118904492661
2,54,1432.8200028452773
54,2,1432.8200028452773
2,55,1200.0311896358767
55,2,1200.0311896358767
2,56,1890.132947117576
56,2,1890.132947117576
2,57,1867.4797369872263
57,2,1867.4797369872263
2,58,2683.393504024035
58,2,2683.393504024035
2,59,2328.275748227847
59,2,2328.275748227847
3,4,1845.470127667623
4,3,1845.470127667623
3,5,1960.2070011698574
5,3,1960.2070011698574
3,6,1818.7114188629125
6,3,1818.7114188629125
3,7,473.7780937076453
7,3,473.7780937076453
3,8,2812.3219301455847
8,3,2812.3219301455847
3,9,650.0032997499137
9,3,650.0032997499137
3,10,2450.1296025917986
10,3,2450.1296025917986
3,11,1545.2288701838745
11,3,1545.2288701838745
3,12,1061.3710466650036
12,3,1061.3710466650036
3,13,1995.0876190087704
13,3,1995.0876190087704
3,14,1839.7995652305817
14,3,1839.7995652305817
3,15,1686.2697981588506
15,3,1686.2697981588506
3,16,1145.2661022465154
16,3,1145.2661022465154
3,17,519.6771223354482
17,3,519.6771223354482
3,18,3817.1159048310374
18,3,3817.1159048310374
3,19,1234.2489137248172
19,3,1234.2489137248172
3,20,4975.3365320113135
20,3,4975.3365320113135
3,21,3499.829210676717
21,3,3499.829210676717
3,22,3277.7532835619436
22,3,3277.7532835619436
3,23,3645.3401470577933
23,3,3645.3401470577933
3,24,2865.801092355353
24,3,2865.801092355353
3,25,4488.3713547279385
25,3,4488.3713547279385
3,26,3312.4306084698537
26,3,3312.4306084698537
3,27,5866.665280764671
27,3,5866.665280764671
3,28,3894.8723572096787
28,3,3894.8723572096787
3,29,6414.2661968833545
29,3,6414.2661968833545
3,30,2145.2364022883125
30,3,2145.2364022883125
3,31,3657.5185852515447
31,3,3657.5185852515447
3,32,3808.5248482261804
32,3,3808.5248482261804
3,33,4366.788673175089
33,3,4366.788673175089
3,34,3145.5471587908937
34,3,3145.5471587908937
3,35,3932.4865446509625
35,3,3932.4865446509625
3,36,2632.541299472903
36,3,2632.541299472903
3,37,2545.3696341731606
37,3,2545.3696341731606
3,38,2863.014295810076
38,3,2863.014295810076
3,39,3370.017294753981
39,3,3370.017294753981
3,40,4321.581904720292
40,3,4321.581904720292
3,41,3245.196869475558
41,3,3245.196869475558
3,42,3840.704753311802
42,3,3840.704753311802
3,43,3172.5545701071283
43,3,3172.5545701071283
3,44,3178.9543039276823
44,3,3178.9543039276823
3,45,3454.5232833841023
45,3,3454.5232833841023
3,46,5925.730397719677
46,3,5925.730397719677
3,47,2892.586556387115
47,3,2892.586556387115
3,48,6928.106661887435
48,3,6928.106661887435
3,49,2503.394802620703
49,3,2503.394802620703
3,50,2992.476009889633
50,3,2992.476009889633
3,51,3379.1040059531238
51,3,3379.1040059531238
3,52,2562.424472522362
52,3,2562.424472522362
3,53,3733.564236912428
53,3,3733.564236912428
3,54,2334.144419242643
54,3,2334.144419242643
3,55,2944.872711415302
55,3,2944.872711415302
3,56,3585.4641729473137
56,3,3585.4641729473137
3,57,3846.5963962812593
57,3,3846.5963962812593
3,58,2925.697755759039
58,3,2925.697755759039
3,59,3827.8645084643103
59,3,3827.8645084643103
4,5,1171.7434205529566
5,4,1171.7434205529566
4,6,592.3350516855361
6,4,592.3350516855361
4,7,1346.6424772391583
7,4,1346.6424772391583
4,8,219.50973340559426
8,4,219.50973340559426
4,9,1744.0728929881611
9,4,1744.0728929881611
4,10,1255.575323657308
10,4,1255.575323657308
4,11,895.9953109345472
11,4,895.9953109345472
4,12,1806.4052346565059
12,4,1806.4052346565059
4,13,913.6093304643988
13,4,913.6093304643988
4,14,1036.6701264801993
14,4,1036.6701264801993
4,15,759.3105198251841
15,4,759.3105198251841
4,16,2167.019050054225
16,4,2167.019050054225
4,17,2330.5098671150545
17,4,2330.5098671150545
4,18,2126.98897898825
18,4,2126.98897898825
4,19,1024.5829882037265
19,4,1024.5829882037265
4,20,3899.634814482176
20,4,3899.634814482176
4,21,1690.0448563933708
21,4,1690.0448563933708
4,22,1801.3617162701364
22,4,1801.3617162701364
4,23,3176.9648606024366
23,4,3176.9648606024366
4,24,1203.7091753583293
24,4,1203.7091753583293
4,25,2781.147331757026
25,4,2781.147331757026
4,26,2649.7119880434216
26,4,2649.7119880434216
4,27,4163.4928360477625
27,4,4163.4928360477625
4,28,3147.9911527138584
28,4,3147.9911527138584
4,29,4340.886062391111
29,4,4340.886062391111
4,30,1694.2891717554285
30,4,1694.2891717554285
4,31,2358.1211916708476
31,4,2358.1211916708476
4,32,2193.2946397499973
32,4,2193.2946397499973
4,33,2943.598304188804
33,4,2943.598304188804
4,34,1702.6665423536556
34,4,1702.6665423536556
4,35,992.4770615828072
35,4,992.4770615828072
4,36,1737.9038827662425
36,4,1737.9038827662425
4,37,2052.446215761826
37,4,2052.446215761826
4,38,1604.597848677198
38,4,1604.597848677198
4,39,2059.6979977837564
39,4,2059.6979977837564
4,40,2485.8041381812122
40,4,2485.8041381812122
4,41,1583.4872412094405
41,4,1583.4872412094405
4,42,1797.6699183727155
42,4,1797.6699183727155
4,43,1967.399225846601
43,4,1967.399225846601
4,44,1590.559913714514
44,4,1590.559913714514
4,45,1989.8045836510987
45,4,1989.8045836510987
4,46,3815.914626407243
46,4,3815.914626407243
4,47,1276.5050530411204
47,4,1276.5050530411204
4,48,3234.6785502654666
48,4,3234.6785502654666
4,49,1314.2853956067934
49,4,1314.2853956067934
4,50,974.6902995129743
50,4,974.6902995129743
4,51,1893.6909450605713
51,4,1893.6909450605713
4,52,957.6140746534978
52,4,957.6140746534978
4,53,3113.6983028424575
53,4,3113.6983028424575
4,54,1325.3984407709468
54,4,1325.3984407709468
4,55,1374.5791178032582
55,4,1374.5791178032582
4,56,1893.0024465770657
56,4,1893.0024465770657
4,57,3249.6106925820136
57,4,3249.6106925820136
4,58,2046.6485182278634
58,4,2046.6485182278634
4,59,2096.688895603667
59,4,2096.688895603667
5,6,1426.897638228252
6,5,1426.897638228252
5,7,1424.9907058873187
7,5,1424.9907058873187
5,8,1270.052231984207
8,5,1270.052231984207
5,9,2220.418722627122
9,5,2220.418722627122
5,10,1324.2440522728925
10,5,1324.2440522728925
5,11,1079.4424482962625
11,5,1079.4424482962625
5,12,1893.669700923434
12,5,1893.669700923434
5,13,1436.2540206676656
13,5,1436.2540206676656
5,14,1168.2259525212608
14,5,1168.2259525212608
5,15,1131.1112176977176
15,5,1131.1112176977176
5,16,1963.0803835925603
16,5,1963.0803835925603
5,17,2914.4360129298193
17,5,2914.4360129298193
5,18,2060.426616701397
18,5,2060.426616701397
5,19,1271.6846117529253
19,5,1271.6846117529253
5,20,3744.9530722930344
20,5,3744.9530722930344
5,21,2101.72800698819
21,5,2101.72800698819
5,22,1551.2951613574394
22,5,1551.2951613574394
5,23,2775.593902798905
23,5,2775.593902798905
5,24,1713.6851248379087
24,5,1713.6851248379087
5,25,3555.7294452965807
25,5,3555.7294452965807
5,26,2918.97653704494
26,5,2918.97653704494
5,27,3805.938745151298
27,5,3805.938745151298
5,28,3168.350176385028
28,5,3168.350176385028
5,29,3627.62215950224
29,5,3627.62215950224
5,30,1665.0964506863852
30,5,1665.0964506863852
5,31,2359.6210803747786
31,5,2359.6210803747786
5,32,2128.256833787818
32,5,2128.256833787818
5,33,3810.1283632429927
33,5,3810.1283632429927
5,34,1780.3329450105418
34,5,1780.3329450105418
5,35,1517.1100800704676
35,5,1517.1100800704676
5,36,1855.949021019628
36,5,1855.949021019628
5,37,1808.562828140811
37,5,1808.562828140811
5,38,1864.9750537542168
38,5,1864.9750537542168
5,39,2504.93806377125
39,5,2504.93806377125
5,40,3109.2590099765007
40,5,3109.2590099765007
5,41,2011.835957096515
41,5,2011.835957096515
5,42,2177.259096674811
42,5,2177.259096674811
5,43,2055.2029149513473
43,5,2055.2029149513473
5,44,2451.018363414037
44,5,2451.018363414037
5,45,2579.9417007814673
45,5,2579.9417007814673
5,46,4241.71949335365
46,5,4241.71949335365
5,47,1877.8440324947628
47,5,1877.8440324947628
5,48,4705.053563119658
48,5,4705.053563119658
5,49,1760.3519240985133
49,5,1760.3519240985133
5,50,1576.8578962861397
50,5,1576.8578962861397
5,51,2577.2748561910985
51,5,2577.2748561910985
5,52,1391.0236460609678
52,5,1391.0236460609678
5,53,3604.276560454585
53,5,3604.276560454585
5,54,1466.2964727106385
54,5,1466.2964727106385
5,55,1511.1908704310542
55,5,1511.1908704310542
5,56,2371.3433080657587
56,5,2371.3433080657587
5,57,3190.790126804607
57,5,3190.790126804607
5,58,2520.9987249023075
58,5,2520.9987249023075
5,59,2544.724352665119
59,5,2544.724352665119
6,7,1488.171660234902
7,6,1488.171660234902
6,8,1011.5827578020865
8,6,1011.5827578020865
6,9,1794.115173380042
9,6,1794.115173380042
6,10,1843.276412752799
10,6,1843.276412752799
6,11,533.5383813633679
11,6,533.5383813633679
6,12,1795.0726485209918
12,6,1795.0726485209918
6,13,1649.4532464603963
13,6,1649.4532464603963
6,14,1032.90327622633
14,6,1032.90327622633
6,15,1574.66445867766
15,6,1574.66445867766
6,16,1638.11455856193
16,6,1638.11455856193
6,17,2481.633022956491
17,6,2481.633022956491
6,18,1360.506380626858
18,6,1360.506380626858
6,19,1120.5094376300924
19,6,1120.5094376300924
6,20,3811.9958339776554
20,6,3811.9958339776554
6,21,2551.3924780802163
21,6,2551.3924780802163
6,22,1847.91472211943
22,6,1847.91472211943
6,23,3879.756565296967
23,6,3879.756565296967
6,24,1852.1452812929153
24,6,1852.1452812929153
6,25,2894.3813632638908
25,6,2894.3813632638908
6,26,2884.437693512714
26,6,2884.437693512714
6,27,4402.525608865428
27,6,4402.525608865428
6,28,3292.404750563571
28,6,3292.404750563571
6,29,3949.325937683526
29,6,3949.325937683526
6,30,1980.1672821820716
30,6,1980.1672821820716
6,31,2240.671907213903
31,6,2240.671907213903
6,32,2762.3133451879953
32,6,2762.3133451879953
6,33,2855.7309366249383
33,6,2855.7309366249383
6,34,2269.152322414615
34,6,2269.152322414615
6,35,1064.3845340412347
35,6,1064.3845340412347
6,36,1554.3472053721423
36,6,1554.3472053721423
6,37,1887.500428405694
37,6,1887.500428405694
6,38,2149.1299569092403
38,6,2149.1299569092403
6,39,2447.663933920593
39,6,2447.663933920593
6,40,2745.4527314107468
40,6,2745.4527314107468
6,41,1448.8684360432349
41,6,1448.8684360432349
6,42,1535.7418940828077
42,6,1535.7418940828077
6,43,1902.094736390104
43,6,1902.094736390104
6,44,2705.977332222583
44,6,2705.977332222583
6,45,1737.2865276753466
45,6,1737.2865276753466
6,46,4728.336070774095
46,6,4728.336070774095
6,47,1579.836451935948
47,6,1579.836451935948
6,48,3881.833758595438
48,6,3881.833758595438
6,49,1253.0748266478656
49,6,1253.0748266478656
6,50,1390.618512878055
50,6,1390.618512878055
6,51,2403.7999008969364
51,6,2403.7999008969364
6,52,1126.9074789320225
52,6,1126.9074789320225
6,53,2754.265181830797
53,6,2754.265181830797
6,54,1237.9154351833643
54,6,1237.9154351833643
6,55,1480.518558550324
55,6,1480.518558550324
6,56,2042.733291185142
56,6,2042.733291185142
6,57,3079.055785346233
57,6,3079.055785346233
6,58,2362.5417152127775
58,6,2362.5417152127775
6,59,2618.563440642375
59,6,2618.563440642375
7,8,1959.6701206182595
8,7,1959.6701206182595
7,9,475.5498583759569
9,7,475.5498583759569
7,10,2048.723132094741
10,7,2048.723132094741
7,11,1040.7979237466818
11,7,1040.7979237466818
7,12,1163.6615424302836
12,7,1163.6615424302836
7,13,1975.3863981210402
13,7,1975.3863981210402
7,14,1751.4481861553763
14,7,1751.4481861553763
7,15,1765.7373545929763
15,7,1765.7373545929763
7,16,951.169977656558
16,7,951.169977656558
7,17,465.8032096362913
17,7,465.8032096362913
7,18,2417.6556122924785
18,7,2417.6556122924785
7,19,844.06054203796
19,7,844.06054203796
7,20,5267.023705273821
20,7,5267.023705273821
7,21,2844.238850904506
21,7,2844.238850904506
7,22,3147.0593528932104
22,7,3147.0593528932104
7,23,3671.9246209859957
23,7,3671.9246209859957
7,24,2301.4451172884637
24,7,2301.4451172884637
7,25,4566.3680889558955
25,7,4566.3680889558955
7,26,3151.0493608038805
26,7,3151.0493608038805
7,27,4899.653785292892
27,7,4899.653785292892
7,28,3640.800764357831
28,7,3640.800764357831
7,29,4839.654363032603
29,7,4839.654363032603
7,30,2112.113638919685
30,7,2112.113638919685
7,31,3125.367499131263
31,7,3125.367499131263
7,32,2998.8586201647804
32,7,2998.8586201647804
7,33,4812.438574924972
33,7,4812.438574924972
7,34,2746.235429161604
34,7,2746.235429161604
7,35,2957.3781168185715
35,7,2957.3781168185715
7,36,2945.8838975002773
36,7,2945.8838975002773
7,37,2805.9232125187345
37,7,2805.9232125187345
7,38,2147.9384849339594
38,7,2147.9384849339594
7,39,3123.333335832702
39,7,3123.333335832702
7,40,3612.9970579893934
40,7,3612.9970579893934
7,41,3036.2541970429297
41,7,3036.2541970429297
7,42,3677.0192881999237
42,7,3677.0192881999237
7,43,3426.2951727653103
43,7,3426.2951727653103
7,44,3221.281243803087
44,7,3221.281243803087
7,45,2704.6875748854663
45,7,2704.6875748854663
7,46,5250.523269841792
46,7,5250.523269841792
7,47,2464.5044896214927
47,7,2464.5044896214927
7,48,6403.020426282905
48,7,6403.020426282905
7,49,2084.17727641823
49,7,2084.17727641823
7,50,2384.45831727198
50,7,2384.45831727198
7,51,3102.557678841395
51,7,3102.557678841395
7,52,2075.4932217666887
52,7,2075.4932217666887
7,53,4257.151951197045
53,7,4257.151951197045
7,54,2316.8126486261235
54,7,2316.8126486261235
7,55,2610.8250661269767
55,7,2610.8250661269767
7,56,3212.510514042763
56,7,3212.510514042763
7,57,3550.1715973155033
57,7,3550.1715973155033
7,58,2898.8207197178967
58,7,2898.8207197178967
7,59,3404.6720144392393
59,7,3404.6720144392393
8,9,2742.4283912382475
9,8,2742.4283912382475
8,10,1471.6938436157911
10,8,1471.6938436157911
8,11,1360.3632555029549
11,8,1360.3632555029549
8,12,2852.684086246248
12,8,2852.684086246248
8,13,1147.6950903838415
13,8,1147.6950903838415
8,14,1396.501830588424
14,8,1396.501830588424
8,15,921.0746754893619
15,8,921.0746754893619
8,16,2690.6292071200646
16,8,2690.6292071200646
8,17,3763.488870402774
17,8,3763.488870402774
8,18,2999.959923892602
18,8,2999.959923892602
8,19,1787.9413523800918
19,8,1787.9413523800918
8,20,4520.167777765465
20,8,4520.167777765465
8,21,1509.3864342201148
21,8,1509.3864342201148
8,22,1530.9821393079828
22,8,1530.9821393079828
8,23,3271.6941440307205
23,8,3271.6941440307205
8,24,1119.7801060554352
24,8,1119.7801060554352
8,25,2515.555639004003
25,8,2515.555639004003
8,26,3293.6086850453153
26,8,3293.6086850453153
8,27,3702.71769364973
27,8,3702.71769364973
8,28,3707.7394013660064
28,8,3707.7394013660064
8,29,4341.047502282432
29,8,4341.047502282432
8,30,2049.621413248876
30,8,2049.621413248876
8,31,2263.0978971106197
31,8,2263.0978971106197
8,32,2116.4746607227
32,8,2116.4746607227
8,33,2616.9635612268085
33,8,2616.9635612268085
8,34,1194.8552706708426
34,8,1194.8552706708426
8,35,1257.3078338920238
35,8,1257.3078338920238
8,36,1917.105076937522
36,8,1917.105076937522
8,37,2483.7570147607603
37,8,2483.7570147607603
8,38,1985.0744958868495
38,8,1985.0744958868495
8,39,2144.234062839052
39,8,2144.234062839052
8,40,2504.0765080790256
40,8,2504.0765080790256
8,41,1433.4781678123832
41,8,1433.4781678123832
8,42,1451.040845677607
42,8,1451.040845677607
8,43,1688.3304583710492
43,8,1688.3304583710492
8,44,1521.1641957513798
44,8,1521.1641957513798
8,45,1783.9470782068424
45,8,1783.9470782068424
8,46,3387.910187954628
46,8,3387.910187954628
8,47,1286.7118843274652
47,8,1286.7118843274652
8,48,3226.521956714777
48,8,3226.521956714777
8,49,1149.311449458724
49,8,1149.311449458724
8,50,783.5999048143597
50,8,783.5999048143597
8,51,1589.3338070926836
51,8,1589.3338070926836
8,52,928.9242194644727
52,8,928.9242194644727
8,53,3260.594166463033
53,8,3260.594166463033
8,54,1256.4488496785004
54,8,1256.4488496785004
8,55,1313.6708235811632
55,8,1313.6708235811632
8,56,1516.1420128392544
56,8,1516.1420128392544
8,57,2888.6240349572163
57,8,2888.6240349572163
8,58,2382.272146892718
58,8,2382.272146892718
8,59,1990.0825842124225
59,8,1990.0825842124225
9,10,1982.976811022171
10,9,1982.976811022171
9,11,1287.4170973474054
11,9,1287.4170973474054
9,12,862.2738065403883
12,9,862.2738065403883
9,13,2267.430232491234
13,9,2267.430232491234
9,14,1683.8851953338603
14,9,1683.8851953338603
9,15,2084.9902349532776
15,9,2084.9902349532776
9,16,1133.3112171648413
16,9,1133.3112171648413
9,17,374.1730830637474
17,9,374.1730830637474
9,18,3029.387681577248
18,9,3029.387681577248
9,19,1285.421956666721
19,9,1285.421956666721
9,20,4200.7675782658325
20,9,4200.7675782658325
9,21,3678.4389662030144
21,9,3678.4389662030144
9,22,3257.6413314824176
22,9,3257.6413314824176
9,23,3915.1831650756676
23,9,3915.1831650756676
9,24,2289.812816831154
24,9,2289.812816831154
9,25,5115.607822122098
25,9,5115.607822122098
9,26,3177.011731467443
26,9,3177.011731467443
9,27,6139.900608513284
27,9,6139.900608513284
9,28,3910.1399859041935
28,9,3910.1399859041935
9,29,5378.414184107501
29,9,5378.414184107501
9,30,1957.021677530087
30,9,1957.021677530087
9,31,3494.3111050645916
31,9,3494.3111050645916
9,32,3739.129846963261
32,9,3739.129846963261
9,33,5389.969852055754
33,9,5389.969852055754
9,34,3429.191318206466
34,9,3429.191318206466
9,35,3159.930830535207
35,9,3159.930830535207
9,36,2831.8462536207476
36,9,2831.8462536207476
9,37,2200.1924793732
37,9,2200.1924793732
9,38,1504.86074842484
38,9,1504.86074842484
9,39,3264.7392264305186
39,9,3264.7392264305186
9,40,3646.236360068022
40,9,3646.236360068022
9,41,3150.862699519549
41,9,3150.862699519549
9,42,3295.5606259398346
42,9,3295.5606259398346
9,43,3334.478755635635
43,9,3334.478755635635
9,44,3537.131963996766
44,9,3537.131963996766
9,45,2923.0777968812845
45,9,2923.0777968812845
9,46,5504.91755939956
46,9,5504.91755939956
9,47,2282.942003402702
47,9,2282.942003402702
9,48,7105.452104901441
48,9,7105.452104901441
9,49,2516.2584745416743
49,9,2516.2584745416743
9,50,2764.7574109690554
50,9,2764.7574109690554
9,51,2535.9258451914457
51,9,2535.9258451914457
9,52,2247.390856885514
52,9,2247.390856885514
9,53,3937.017652442675
53,9,3937.017652442675
9,54,2459.8880948878095
54,9,2459.8880948878095
9,55,2455.119497653795
55,9,2455.119497653795
9,56,3108.5254574418805
56,9,3108.5254574418805
9,57,4146.342519951358
57,9,4146.342519951358
9,58,2632.1724118659513
58,9,2632.1724118659513
9,59,3137.9801165426047
59,9,3137.9801165426047
10,11,1093.9964033678707
11,10,1093.9964033678707
10,12,2928.382788302459
12,10,2928.382788302459
10,13,908.0229897839605
13,10,908.0229897839605
10,14,686.1574185466719
14,10,686.1574185466719
10,15,1088.050479821111
15,10,1088.050479821111
10,16,2683.969616432274
16,10,2683.969616432274
10,17,3028.2992529397166
17,10,3028.2992529397166
10,18,2154.918618797422
18,10,2154.918618797422
10,19,1566.877835609115
19,10,1566.877835609115
10,20,3040.486835412909
20,10,3040.486835412909
10,21,2364.5113576525605
21,10,2364.5113576525605
10,22,1784.1525090617336
22,10,1784.1525090617336
10,23,2774.7385857436634
23,10,2774.7385857436634
10,24,1795.8235781025335
24,10,1795.8235781025335
10,25,2795.7143770743855
25,10,2795.7143770743855
10,26,2741.1148133026395
26,10,2741.1148133026395
10,27,4182.3696876252325
27,10,4182.3696876252325
10,28,3251.1444119014286
28,10,3251.1444119014286
10,29,4246.644762241957
29,10,4246.644762241957
10,30,2251.6589535186877
30,10,2251.6589535186877
10,31,2387.4915922817454
31,10,2387.4915922817454
10,32,2133.7940319084432
32,10,2133.7940319084432
10,33,2871.6002263566124
33,10,2871.6002263566124
10,34,2574.6372751561426
34,10,2574.6372751561426
10,35,1641.942770270059
35,10,1641.942770270059
10,36,2068.294637484274
36,10,2068.294637484274
10,37,1992.5731822934752
37,10,1992.5731822934752
10,38,1658.873374520493
38,10,1658.873374520493
10,39,1930.4891412754944
39,10,1930.4891412754944
10,40,1944.3869827405645
40,10,1944.3869827405645
10,41,2023.0096640934935
41,10,2023.0096640934935
10,42,1501.9196350519126
42,10,1501.9196350519126
10,43,1928.5269801087616
43,10,1928.5269801087616
10,44,1670.6703924383987
44,10,1670.6703924383987
10,45,1797.5858901095555
45,10,1797.5858901095555
10,46,3727.0430818156733
46,10,3727.0430818156733
10,47,1658.0683098620204
47,10,1658.0683098620204
10,48,4614.652329859073
48,10,4614.652329859073
10,49,1291.7196585770532
49,10,1291.7196585770532
10,50,1577.9929954682027
50,10,1577.9929954682027
10,51,1680.1448546404686
51,10,1680.1448546404686
10,52,982.3475588160545
52,10,982.3475588160545
10,53,2908.9474622733705
53,10,2908.9474622733705
10,54,1471.3828526964596
54,10,1471.3828526964596
10,55,1477.6656875525389
55,10,1477.6656875525389
10,56,2053.0496026489996
56,10,2053.0496026489996
10,57,3552.3208754778816
57,10,3552.3208754778816
10,58,2214.701410540734
58,10,2214.701410540734
10,59,2777.8787759815123
59,10,2777.8787759815123
11,12,1222.2462237028644
12,11,1222.2462237028644
11,13,1616.9152388068594
13,11,1616.9152388068594
11,14,1078.9070699077856
14,11,1078.9070699077856
11,15,1314.0470982354243
15,11,1314.0470982354243
11,16,1511.3763656898075
16,11,1511.3763656898075
11,17,1914.5790579523448
17,11,1914.5790579523448
11,18,1142.2913078964348
18,11,1142.2913078964348
11,19,433.0229042686553
19,11,433.0229042686553
11,20,4431.305944628922
20,11,4431.305944628922
11,21,2183.8825295615984
21,11,2183.8825295615984
11,22,1555.6677909083883
22,11,1555.6677909083883
11,23,2654.4800726596286
23,11,2654.4800726596286
11,24,1713.9158973023816
24,11,1713.9158973023816
11,25,2732.015677888653
25,11,2732.015677888653
11,26,2585.4867770956803
26,11,2585.4867770956803
11,27,3615.167350957712
27,11,3615.167350957712
11,28,2780.941818025275
28,11,2780.941818025275
11,29,3973.2146506812633
29,11,3973.2146506812633
11,30,1791.3208842565687
30,11,1791.3208842565687
11,31,1907.2547121921775
31,11,1907.2547121921775
11,32,1880.7687258444034
32,11,1880.7687258444034
11,33,2783.387509452855
33,11,2783.387509452855
11,34,1651.2467271925957
34,11,1651.2467271925957
11,35,1376.7646278385062
35,11,1376.7646278385062
11,36,1478.1224495446309
36,11,1478.1224495446309
11,37,1857.1385323185364
37,11,1857.1385323185364
11,38,1530.075051602613
38,11,1530.075051602613
11,39,2096.887566708395
39,11,2096.887566708395
11,40,1976.8773066981303
40,11,1976.8773066981303
11,41,1299.0123137438336
41,11,1299.0123137438336
11,42,1835.3925909362702
42,11,1835.3925909362702
11,43,1679.8755610311687
43,11,1679.8755610311687
11,44,2325.6254786827258
44,11,2325.6254786827258
11,45,1686.88692118931
45,11,1686.88692118931
11,46,5178.828663504185
46,11,5178.828663504185
11,47,1403.4172804577574
47,11,1403.4172804577574
11,48,3929.6584666437484
48,11,3929.6584666437484
11,49,1191.871437071225
49,11,1191.871437071225
11,50,1590.5262028050677
50,11,1590.5262028050677
11,51,2242.580469525976
51,11,2242.580469525976
11,52,980.1634383318
52,11,980.1634383318
11,53,2750.4407335256406
53,11,2750.4407335256406
11,54,1002.9464231164054
54,11,1002.9464231164054
11,55,1641.946231918101
55,11,1641.946231918101
11,56,1905.654546950561
56,11,1905.654546950561
11,57,3011.301270981141
57,11,3011.301270981141
11,58,1681.2159776922194
58,11,1681.2159776922194
11,59,2887.8858084151652
59,11,2887.8858084151652
12,13,2422.102203081307
13,12,2422.102203081307
12,14,1980.995006072629
14,12,1980.995006072629
12,15,2477.09872498699
15,12,2477.09872498699
12,16,1096.9993895831085
16,12,1096.9993895831085
12,17,1629.9532899768096
17,12,1629.9532899768096
12,18,2955.5815025244565
18,12,2955.5815025244565
12,19,1160.6219466179696
19,12,1160.6219466179696
12,20,5134.430975813924
20,12,5134.430975813924
12,21,3053.6094689116376
21,12,3053.6094689116376
12,22,3085.3185674899228
22,12,3085.3185674899228
12,23,4552.985660097457
23,12,4552.985660097457
12,24,2512.9696958496233
24,12,2512.9696958496233
12,25,4779.00819193945
25,12,4779.00819193945
12,26,2757.4696217442497
26,12,2757.4696217442497
12,27,6525.747773346438
27,12,6525.747773346438
12,28,4108.859608948626
28,12,4108.859608948626
12,29,6038.736766652224
29,12,6038.736766652224
12,30,2280.1578212439676
30,12,2280.1578212439676
12,31,3496.3634766523114
31,12,3496.3634766523114
12,32,3686.236229093394
32,12,3686.236229093394
12,33,5153.034459994274
33,12,5153.034459994274
12,34,2752.564537661033
34,12,2752.564537661033
12,35,2852.615180904163
35,12,2852.615180904163
12,36,2625.7421446145136
36,12,2625.7421446145136
12,37,2625.77148263398
37,12,2625.77148263398
12,38,1979.923072415519
38,12,1979.923072415519
12,39,3468.787032714213
39,12,3468.787032714213
12,40,4430.543339419218
40,12,4430.543339419218
12,41,4158.67685650988
41,12,4158.67685650988
12,42,3766.192325998089
42,12,3766.192325998089
12,43,4107.82107871914
43,12,4107.82107871914
12,44,3835.4212253081887
44,12,3835.4212253081887
12,45,3408.9358418823163
45,12,3408.9358418823163
12,46,6097.569240958141
46,12,6097.569240958141
12,47,2526.992567637224
47,12,2526.992567637224
12,48,7252.296016893155
48,12,7252.296016893155
12,49,2612.1580837843176
49,12,2612.1580837843176
12,50,3026.260211028165
50,12,3026.260211028165
12,51,3414.5584903051626
51,12,3414.5584903051626
12,52,2498.4735212301457
52,12,2498.4735212301457
12,53,4189.924854640825
53,12,4189.924854640825
12,54,2535.828912804649
54,12,2535.828912804649
12,55,3603.637841928225
55,12,3603.637841928225
12,56,3613.192213098881
56,12,3613.192213098881
12,57,4977.876217635027
57,12,4977.876217635027
12,58,3515.421152177031
58,12,3515.421152177031
12,59,3654.2867644728003
59,12,3654.2867644728003
13,14,1170.794803357318
14,13,1170.794803357318
13,15,1002.6030903348886
15,13,1002.6030903348886
13,16,2213.671887990452
16,13,2213.671887990452
13,17,3135.6539985155
17,13,3135.6539985155
13,18,3513.5962006186955
18,13,3513.5962006186955
13,19,1538.452087875911
19,13,1538.452087875911
13,20,3144.6319606292373
20,13,3144.6319606292373
13,21,1857.2587557241445
21,13,1857.2587557241445
13,22,2211.356519587869
22,13,2211.356519587869
13,23,2263.757065889856
23,13,2263.757065889856
13,24,1185.2901538251117
24,13,1185.2901538251117
13,25,2552.3431301988307
25,13,2552.3431301988307
13,26,3053.44550514678
26,13,3053.44550514678
13,27,5475.838969748959
27,13,5475.838969748959
13,28,2949.2978740110525
28,13,2949.2978740110525
13,29,3820.5027207982394
29,13,3820.5027207982394
13,30,1657.4894475320816
30,13,1657.4894475320816
13,31,2048.699299154622
31,13,2048.699299154622
13,32,1794.6803049891491
32,13,1794.6803049891491
13,33,2446.921443639033
33,13,2446.921443639033
13,34,1911.724838197678
34,13,1911.724838197678
13,35,1353.334468662943
35,13,1353.334468662943
13,36,1331.541842347701
36,13,1331.541842347701
13,37,1623.5175853302721
37,13,1623.5175853302721
13,38,1497.078836631415
38,13,1497.078836631415
13,39,2235.9034590271144
39,13,2235.9034590271144
13,40,2705.9526183301973
40,13,2705.9526183301973
13,41,2072.408866954018
41,13,2072.408866954018
13,42,1628.2064794944813
42,13,1628.2064794944813
13,43,2434.0015284272977
43,13,2434.0015284272977
13,44,1553.9342376142968
44,13,1553.9342376142968
13,45,1685.5307463943852
45,13,1685.5307463943852
13,46,3674.544048507292
46,13,3674.544048507292
13,47,1256.8815267184223
47,13,1256.8815267184223
13,48,3279.2837596880577
48,13,3279.2837596880577
13,49,1219.129396777805
49,13,1219.129396777805
13,50,1257.1537014160883
50,13,1257.1537014160883
13,51,2186.049179528491
51,13,2186.049179528491
13,52,1116.6220081819488
52,13,1116.6220081819488
13,53,2512.0644093246874
53,13,2512.0644093246874
13,54,1864.6107819145109
54,13,1864.6107819145109
13,55,1756.0630082128796
55,13,1756.0630082128796
13,56,2092.4585080666607
56,13,2092.4585080666607
13,57,2766.346434245126
57,13,2766.346434245126
13,58,2364.3131117607495
58,13,2364.3131117607495
13,59,2087.8445452237065
59,13,2087.8445452237065
14,15,738.4784146272184
15,14,738.4784146272184
14,16,2087.0676830105517
16,14,2087.0676830105517
14,17,2386.5177075118186
17,14,2386.5177075118186
14,18,2556.4973440174153
18,14,2556.4973440174153
14,19,1344.086279859189
19,14,1344.086279859189
14,20,2718.5205565567608
20,14,2718.5205565567608
14,21,1694.939821437003
21,14,1694.939821437003
14,22,1325.8326724803617
22,14,1325.8326724803617
14,23,2812.5387217877496
23,14,2812.5387217877496
14,24,1347.3648392737775
24,14,1347.3648392737775
14,25,2765.144838938484
25,14,2765.144838938484
14,26,2345.753358332136
26,14,2345.753358332136
14,27,5183.3035719817
27,14,5183.3035719817
14,28,3072.631475868032
28,14,3072.631475868032
14,29,3837.979612098095
29,14,3837.979612098095
14,30,1162.42128324906
30,14,1162.42128324906
14,31,2185.9343245482196
31,14,2185.9343245482196
14,32,1877.9039173634787
32,14,1877.9039173634787
14,33,3016.608853380487
33,14,3016.608853380487
14,34,2179.5960292596974
34,14,2179.5960292596974
14,35,850.0292346102926
35,14,850.0292346102926
14,36,907.0109609505319
36,14,907.0109609505319
14,37,1343.4421068457448
37,14,1343.4421068457448
14,38,1286.687037107096
38,14,1286.687037107096
14,39,2052.0419587193674
39,14,2052.0419587193674
14,40,2006.046578653089
40,14,2006.046578653089
14,41,1712.7128132970306
41,14,1712.7128132970306
14,42,1359.4472161731894
42,14,1359.4472161731894
14,43,1903.1954284104218
43,14,1903.1954284104218
14,44,1368.9600934497137
44,14,1368.9600934497137
14,45,1349.9666950635778
45,14,1349.9666950635778
14,46,3583.579088848945
46,14,3583.579088848945
14,47,1111.3380865678146
47,14,1111.3380865678146
14,48,4099.50857333695
48,14,4099.50857333695
14,49,904.9148882549855
49,14,904.9148882549855
14,50,1165.9848533623212
50,14,1165.9848533623212
14,51,1721.4252193625694
51,14,1721.4252193625694
14,52,944.2848844383591
52,14,944.2848844383591
14,53,2332.7270743621293
53,14,2332.7270743621293
14,54,1098.7313499431127
54,14,1098.7313499431127
14,55,1079.291457924232
55,14,1079.291457924232
14,56,1626.6062862075244
56,14,1626.6062862075244
14,57,2791.1607060185697
57,14,2791.1607060185697
14,58,1737.8273686734076
58,14,1737.8273686734076
14,59,2061.635757951338
59,14,2061.635757951338
15,16,1946.2385268398525
16,15,1946.2385268398525
15,17,2975.7497991391306
17,15,2975.7497991391306
15,18,3529.696926468127
18,15,3529.696926468127
15,19,1350.3375265502757
19,15,1350.3375265502757
15,20,3373.492481660577
20,15,3373.492481660577
15,21,1652.9527244010667
21,15,1652.9527244010667
15,22,1686.3083985780565
22,15,1686.3083985780565
15,23,2198.677220086239
23,15,2198.677220086239
15,24,1216.530724067922
24,15,1216.530724067922
15,25,2151.533551602422
25,15,2151.533551602422
15,26,2683.777799445136
26,15,2683.777799445136
15,27,4391.200489449292
27,15,4391.200489449292
15,28,3157.181332526083
28,15,3157.181332526083
15,29,4249.264507471233
29,15,4249.264507471233
15,30,1274.6874146365067
30,15,1274.6874146365067
15,31,2297.9283882541135
31,15,2297.9283882541135
15,32,1843.722136373175
32,15,1843.722136373175
15,33,2587.7454259787924
33,15,2587.7454259787924
15,34,1730.4820228898311
34,15,1730.4820228898311
15,35,1083.7171632311868
35,15,1083.7171632311868
15,36,1179.4790439294184
36,15,1179.4790439294184
15,37,1771.2499715583951
37,15,1771.2499715583951
15,38,1397.8559362083083
38,15,1397.8559362083083
15,39,1983.3433845195582
39,15,1983.3433845195582
15,40,2047.1781597412141
40,15,2047.1781597412141
15,41,1823.3628983713763
41,15,1823.3628983713763
15,42,1481.5144357212266
42,15,1481.5144357212266
15,43,2211.1169423719903
43,15,2211.1169423719903
15,44,1664.0290151398524
44,15,1664.0290151398524
15,45,1773.624367635731
45,15,1773.624367635731
15,46,3717.945550984134
46,15,3717.945550984134
15,47,1268.3759326995958
47,15,1268.3759326995958
15,48,3458.145119301282
48,15,3458.145119301282
15,49,1141.4074297687844
49,15,1141.4074297687844
15,50,1230.186156979149
50,15,1230.186156979149
15,51,1551.0400296903968
51,15,1551.0400296903968
15,52,1042.0947150167844
52,15,1042.0947150167844
15,53,2773.377805991422
53,15,2773.377805991422
15,54,1162.643258674489
54,15,1162.643258674489
15,55,1278.084883340417
55,15,1278.084883340417
15,56,1791.414938638641
56,15,1791.414938638641
15,57,2557.986851786397
57,15,2557.986851786397
15,58,1727.489982105212
58,15,1727.489982105212
15,59,2027.9568723273
59,15,2027.9568723273
16,17,1719.51714067468
17,16,1719.51714067468
16,18,2741.2675208421506
18,16,2741.2675208421506
16,19,1327.6396626795345
19,16,1327.6396626795345
16,20,5270.9901962351505
20,16,5270.9901962351505
16,21,3262.559371134693
21,16,3262.559371134693
16,22,2811.5939539484157
22,16,2811.5939539484157
16,23,3811.851936325641
23,16,3811.851936325641
16,24,2875.6045313815252
24,16,2875.6045313815252
16,25,5042.043306137019
25,16,5042.043306137019
16,26,3771.253687274693
26,16,3771.253687274693
16,27,4513.226547666657
27,16,4513.226547666657
16,28,3699.7835856436286
28,16,3699.7835856436286
16,29,5800.50818139022
29,16,5800.50818139022
16,30,1714.560844722789
30,16,1714.560844722789
16,31,3265.2839025622006
31,16,3265.2839025622006
16,32,2854.4468911889244
32,16,2854.4468911889244
16,33,4133.982851794995
33,16,4133.982851794995
16,34,2480.684623467769
34,16,2480.684623467769
16,35,3003.3421218190047
35,16,3003.3421218190047
16,36,2841.035212611041
36,16,2841.035212611041
16,37,2221.040806003163
37,16,2221.040806003163
16,38,2690.2884405449986
38,16,2690.2884405449986
16,39,3334.3437608473796
39,16,3334.3437608473796
16,40,4060.1691822086236
40,16,4060.1691822086236
16,41,3315.6159531520875
41,16,3315.6159531520875
16,42,3135.5589944721055
42,16,3135.5589944721055
16,43,3651.8996790648903
43,16,3651.8996790648903
16,44,3023.904335022094
44,16,3023.904335022094
16,45,2728.261823131956
45,16,2728.261823131956
16,46,5050.287590080119
46,16,5050.287590080119
16,47,1893.958962631504
47,16,1893.958962631504
16,48,5062.8881611222505
48,16,5062.8881611222505
16,49,2215.9716408845643
49,16,2215.9716408845643
16,50,2724.5491372913943
50,16,2724.5491372913943
16,51,2602.696919750716
51,16,2602.696919750716
16,52,2127.763534005052
52,16,2127.763534005052
16,53,3687.4451751810484
53,16,3687.4451751810484
16,54,2138.659480742471
54,16,2138.659480742471
16,55,2870.1890094245173
55,16,2870.1890094245173
16,56,3033.013684749866
56,16,3033.013684749866
16,57,3273.037551212356
57,16,3273.037551212356
16,58,3190.9448295420434
58,16,3190.9448295420434
16,59,2681.515250588899
59,16,2681.515250588899
17,18,3772.197216026309
18,17,3772.197216026309
17,19,2113.826259097446
19,17,2113.826259097446
17,20,4612.801974281358
20,17,4612.801974281358
17,21,4791.947400337907
21,17,4791.947400337907
17,22,4516.965480377578
22,17,4516.965480377578
17,23,5674.381241162086
23,17,5674.381241162086
17,24,3466.8472513454244
24,17,3466.8472513454244
17,25,5340.233580738655
25,17,5340.233580738655
17,26,3659.733280357418
26,17,3659.733280357418
17,27,6964.196651656163
27,17,6964.196651656163
17,28,4430.505301514761
28,17,4430.505301514761
17,29,5946.015544491064
29,17,5946.015544491064
17,30,3350.8605643647234
30,17,3350.8605643647234
17,31,4158.660143047668
31,17,4158.660143047668
17,32,4523.309956631507
32,17,4523.309956631507
17,33,6376.499091149965
33,17,6376.499091149965
17,34,5325.55918365546
34,17,5325.55918365546
17,35,4588.237760459513
35,17,4588.237760459513
17,36,3834.2835903390064
36,17,3834.2835903390064
17,37,3541.1738566801228
37,17,3541.1738566801228
17,38,3041.235645806689
38,17,3041.235645806689
17,39,4338.847118183619
39,17,4338.847118183619
17,40,5342.98815939622
40,17,5342.98815939622
17,41,3671.6074620808445
41,17,3671.6074620808445
17,42,5023.190413806638
42,17,5023.190413806638
17,43,4654.710725617026
43,17,4654.710725617026
17,44,4287.5000627557165
44,17,4287.5000627557165
17,45,4336.070578029021
45,17,4336.070578029021
17,46,6158.434522782909
46,17,6158.434522782909
17,47,3777.127259447466
47,17,3777.127259447466
17,48,7626.788226503889
48,17,7626.788226503889
17,49,3299.632057699689
49,17,3299.632057699689
17,50,3829.748747444424
50,17,3829.748747444424
17,51,4432.319736399576
51,17,4432.319736399576
17,52,3584.8689030867076
52,17,3584.8689030867076
17,53,4384.162450340471
53,17,4384.162450340471
17,54,3433.184012017392
54,17,3433.184012017392
17,55,3429.983464061765
55,17,3429.983464061765
17,56,4741.071365408838
56,17,4741.071365408838
17,57,4647.873049639128
57,17,4647.873049639128
17,58,3225.2916542097405
58,17,3225.2916542097405
17,59,4235.787880578992
59,17,4235.787880578992
18,19,1734.3175685919573
19,18,1734.3175685919573
18,20,5063.5019086940665
20,18,5063.5019086940665
18,21,5072.689580271837
21,18,5072.689580271837
18,22,4034.681307472963
22,18,4034.681307472963
18,23,5531.336348256127
23,18,5531.336348256127
18,24,4309.793996522841
24,18,4309.793996522841
18,25,4027.4987785485705
25,18,4027.4987785485705
18,26,4449.132478028341
26,18,4449.132478028341
18,27,5191.562730480031
27,18,5191.562730480031
18,28,6020.094173549734
28,18,6020.094173549734
18,29,5949.009441640772
29,18,5949.009441640772
18,30,3897.792878624303
30,18,3897.792878624303
18,31,3577.3501208206335
31,18,3577.3501208206335
18,32,4258.39143724026
32,18,4258.39143724026
18,33,4652.407581438509
33,18,4652.407581438509
18,34,3846.3315515484987
34,18,3846.3315515484987
18,35,1925.571359841022
35,18,1925.571359841022
18,36,3507.5500149940526
36,18,3507.5500149940526
18,37,3884.6580202194455
37,18,3884.6580202194455
18,38,4114.532265961772
38,18,4114.532265961772
18,39,4085.1138475476414
39,18,4085.1138475476414
18,40,4885.271706574882
40,18,4885.271706574882
18,41,3407.2864711491848
41,18,3407.2864711491848
18,42,3309.7214780975823
42,18,3309.7214780975823
18,43,3179.863807867985
43,18,3179.863807867985
18,44,3921.358072387286
44,18,3921.358072387286
18,45,3325.4512955548516
45,18,3325.4512955548516
18,46,6313.818956282664
46,18,6313.818956282664
18,47,4032.5193853203723
47,18,4032.5193853203723
18,48,5016.364289429872
48,18,5016.364289429872
18,49,2864.751612488534
49,18,2864.751612488534
18,50,2860.2101491103126
50,18,2860.2101491103126
18,51,4188.85951609249
51,18,4188.85951609249
18,52,2713.366150975359
52,18,2713.366150975359
18,53,4167.211161574636
53,18,4167.211161574636
18,54,2929.994208955179
54,18,2929.994208955179
18,55,3175.7661661869456
55,18,3175.7661661869456
18,56,4079.912444145917
56,18,4079.912444145917
18,57,3558.8540406528846
57,18,3558.8540406528846
18,58,4719.301629779645
58,18,4719.301629779645
18,59,4157.251283636089
59,18,4157.251283636089
19,20,4306.309481475422
20,19,4306.309481475422
19,21,2539.9201122062323
21,19,2539.9201122062323
19,22,1923.6733236509667
22,19,1923.6733236509667
19,23,2941.0142597682175
23,19,2941.0142597682175
19,24,1867.045069586
24,19,1867.045069586
19,25,3054.723385820069
25,19,3054.723385820069
19,26,2175.3941094146444
26,19,2175.3941094146444
19,27,4501.425159127778
27,19,4501.425159127778
19,28,3312.8806339250887
28,19,3312.8806339250887
19,29,4586.547413866515
29,19,4586.547413866515
19,30,1951.7307264688347
30,19,1951.7307264688347
19,31,2226.1764273057565
31,19,2226.1764273057565
19,32,2077.3952139479884
32,19,2077.3952139479884
19,33,3331.988062233018
33,19,3331.988062233018
19,34,1918.2327417186675
34,19,1918.2327417186675
19,35,1412.9245622380754
35,19,1412.9245622380754
19,36,1727.6557957395846
36,19,1727.6557957395846
19,37,2019.0648109839099
37,19,2019.0648109839099
19,38,2080.3979509359197
38,19,2080.3979509359197
19,39,2391.155636194345
39,19,2391.155636194345
19,40,2548.916777104504
40,19,2548.916777104504
19,41,2540.8080828432317
41,19,2540.8080828432317
19,42,2343.0221509800785
42,19,2343.0221509800785
19,43,2646.8298786478667
43,19,2646.8298786478667
19,44,2951.97866064427
44,19,2951.97866064427
19,45,2044.9407774532315
45,19,2044.9407774532315
19,46,5793.096621489904
46,19,5793.096621489904
19,47,1997.6161478815895
47,19,1997.6161478815895
19,48,4553.351331481293
48,19,4553.351331481293
19,49,1787.429881110405
49,19,1787.429881110405
19,50,1811.301485491637
50,19,1811.301485491637
19,51,3079.6634932145453
51,19,3079.6634932145453
19,52,1255.7287757472077
52,19,1255.7287757472077
19,53,3406.140194073249
53,19,3406.140194073249
19,54,1503.0105460619648
54,19,1503.0105460619648
19,55,2149.449609453708
55,19,2149.449609453708
19,56,2874.884889604112
56,19,2874.884889604112
19,57,3413.5322875998745
57,19,3413.5322875998745
19,58,2219.912152075041
58,19,2219.912152075041
19,59,3077.8522160798916
59,19,3077.8522160798916
20,21,3961.8935040407005
21,20,3961.8935040407005
20,22,2954.3264750524104
22,20,2954.3264750524104
20,23,2843.9817571535773
23,20,2843.9817571535773
20,24,3942.372686141481
24,20,3942.372686141481
20,25,2607.3182684394924
25,20,2607.3182684394924
20,26,4137.466542650068
26,20,4137.466542650068
20,27,6923.365969133297
27,20,6923.365969133297
20,28,3711.352056104353
28,20,3711.352056104353
20,29,5591.3185638550485
29,20,5591.3185638550485
20,30,3714.689018199796
30,20,3714.689018199796
20,31,3219.3657945023547
31,20,3219.3657945023547
20,32,4392.407202907277
32,20,4392.407202907277
20,33,3297.699124180798
33,20,3297.699124180798
20,34,4617.2153341704625
34,20,4617.2153341704625
20,35,3244.1224748012205
35,20,3244.1224748012205
20,36,2593.280518022619
36,20,2593.280518022619
20,37,2859.620251225501
37,20,2859.620251225501
20,38,2907.025169809896
38,20,2907.025169809896
20,39,3633.2805623216786
39,20,3633.2805623216786
20,40,4890.730178632488
40,20,4890.730178632488
20,41,3986.761498898342
41,20,3986.761498898342
20,42,3582.28192089516
42,20,3582.28192089516
20,43,4847.822705350676
43,20,4847.822705350676
20,44,4922.184373925963
44,20,4922.184373925963
20,45,3667.485279833791
45,20,3667.485279833791
20,46,7313.3634858134
46,20,7313.3634858134
20,47,2877.750448154617
47,20,2877.750448154617
20,48,5056.288249217943
48,20,5056.288249217943
20,49,3037.9371479650895
49,20,3037.9371479650895
20,50,3856.509968104159
50,20,3856.509968104159
20,51,4924.976895411221
51,20,4924.976895411221
20,52,3572.857001882307
52,20,3572.857001882307
20,53,4245.02257951124
53,20,4245.02257951124
20,54,4174.342636672122
54,20,4174.342636672122
20,55,2413.923329498288
55,20,2413.923329498288
20,56,5026.325166062399
56,20,5026.325166062399
20,57,4441.155327225786
57,20,4441.155327225786
20,58,3073.502420185176
58,20,3073.502420185176
20,59,4534.510557371157
59,20,4534.510557371157
21,22,1512.7877231826367
22,21,1512.7877231826367
21,23,1799.630526546406
23,21,1799.630526546406
21,24,759.2621785366343
24,21,759.2621785366343
21,25,2414.7497260726823
25,21,2414.7497260726823
21,26,2395.9466858542205
26,21,2395.9466858542205
21,27,4953.458359012387
27,21,4953.458359012387
21,28,2004.7135026582096
28,21,2004.7135026582096
21,29,4744.368578841471
29,21,4744.368578841471
21,30,1678.6416464471909
30,21,1678.6416464471909
21,31,1699.4816505260762
31,21,1699.4816505260762
21,32,1622.682189212665
32,21,1622.682189212665
21,33,2592.4480586006384
33,21,2592.4480586006384
21,34,1530.2867001424052
34,21,1530.2867001424052
21,35,1687.9429740132305
35,21,1687.9429740132305
21,36,1852.5877407607354
36,21,1852.5877407607354
21,37,1732.3860963984382
37,21,1732.3860963984382
21,38,1904.6628720107547
38,21,1904.6628720107547
21,39,1648.2156442020903
39,21,1648.2156442020903
21,40,2217.1317251307137
40,21,2217.1317251307137
21,41,1783.1384294301884
41,21,1783.1384294301884
21,42,2210.4946115804664
42,21,2210.4946115804664
21,43,2255.245651444798
43,21,2255.245651444798
21,44,1606.2883065906105
44,21,1606.2883065906105
21,45,1522.846395665812
45,21,1522.846395665812
21,46,3235.4533725663077
46,21,3235.4533725663077
21,47,997.8641514970589
47,21,997.8641514970589
21,48,2668.37352341162
48,21,2668.37352341162
21,49,1675.257880713827
49,21,1675.257880713827
21,50,1089.7476946658883
50,21,1089.7476946658883
21,51,2129.81975430365
51,21,2129.81975430365
21,52,1185.5591214879091
52,21,1185.5591214879091
21,53,2842.949515260469
53,21,2842.949515260469
21,54,1609.1226352861179
54,21,1609.1226352861179
21,55,1632.3128883961247
55,21,1632.3128883961247
21,56,1059.7736143566067
56,21,1059.7736143566067
21,57,3203.50613883812
57,21,3203.50613883812
21,58,2093.2997172940654
58,21,2093.2997172940654
21,59,1853.376827684238
59,21,1853.376827684238
22,23,2284.955659130913
23,22,2284.955659130913
22,24,1312.9039513782438
24,22,1312.9039513782438
22,25,1985.963095558141
25,22,1985.963095558141
22,26,1835.628480978452
26,22,1835.628480978452
22,27,2784.90456189403
27,22,2784.90456189403
22,28,1694.791347152955
28,22,1694.791347152955
22,29,3450.4321511231574
29,22,3450.4321511231574
22,30,1612.9981292055309
30,22,1612.9981292055309
22,31,2141.5659593549494
31,22,2141.5659593549494
22,32,1494.9757714422235
32,22,1494.9757714422235
22,33,2267.8710824207874
33,22,2267.8710824207874
22,34,1622.7215227805677
34,22,1622.7215227805677
22,35,1481.792544167079
35,22,1481.792544167079
22,36,1302.6111163319445
36,22,1302.6111163319445
22,37,1312.2527596143168
37,22,1312.2527596143168
22,38,1242.5801370085624
38,22,1242.5801370085624
22,39,574.7485756282318
39,22,574.7485756282318
22,40,1781.1021631603696
40,22,1781.1021631603696
22,41,1267.0932073203437
41,22,1267.0932073203437
22,42,1233.1801274954591
42,22,1233.1801274954591
22,43,1633.4649261736718
43,22,1633.4649261736718
22,44,2204.8719037114524
44,22,2204.8719037114524
22,45,1494.2597477468912
45,22,1494.2597477468912
22,46,3340.7399888344744
46,22,3340.7399888344744
22,47,1258.400327150938
47,22,1258.400327150938
22,48,3122.8431465355557
48,22,3122.8431465355557
22,49,1159.091327251213
49,22,1159.091327251213
22,50,1529.8077605746798
50,22,1529.8077605746798
22,51,1840.4688541486673
51,22,1840.4688541486673
22,52,1282.0589860199589
52,22,1282.0589860199589
22,53,2238.055003288132
53,22,2238.055003288132
22,54,1409.0628596409856
54,22,1409.0628596409856
22,55,1390.1905881699126
55,22,1390.1905881699126
22,56,1862.7971294188162
56,22,1862.7971294188162
22,57,2871.475308897435
57,22,2871.475308897435
22,58,1705.3480737263685
58,22,1705.3480737263685
22,59,1950.77589720289
59,22,1950.77589720289
23,24,1889.8029248282844
24,23,1889.8029248282844
23,25,2360.9605926136874
25,23,2360.9605926136874
23,26,3257.093524321458
26,23,3257.093524321458
23,27,5459.674023897971
27,23,5459.674023897971
23,28,2538.6675826109426
28,23,2538.6675826109426
23,29,5791.8393077195915
29,23,5791.8393077195915
23,30,2683.6626451254842
30,23,2683.6626451254842
23,31,2640.18297688928
31,23,2640.18297688928
23,32,2557.975976570905
32,23,2557.975976570905
23,33,1816.9876296156701
33,23,1816.9876296156701
23,34,2588.0775815511383
34,23,2588.0775815511383
23,35,2234.5789298713803
35,23,2234.5789298713803
23,36,1835.1452543346982
36,23,1835.1452543346982
23,37,2449.5499043356153
37,23,2449.5499043356153
23,38,2147.089756129105
38,23,2147.089756129105
23,39,2181.164502867381
39,23,2181.164502867381
23,40,2560.0284286207693
40,23,2560.0284286207693
23,41,2855.5496640368765
41,23,2855.5496640368765
23,42,2373.8044206927966
42,23,2373.8044206927966
23,43,2565.6926004678944
43,23,2565.6926004678944
23,44,2548.913363618054
44,23,2548.913363618054
23,45,2115.7245630022953
45,23,2115.7245630022953
23,46,3986.7376076973605
46,23,3986.7376076973605
23,47,1786.625418462035
47,23,1786.625418462035
23,48,3841.826675847672
48,23,3841.826675847672
23,49,1955.4836489658724
49,23,1955.4836489658724
23,50,2438.424684656862
50,23,2438.424684656862
23,51,2092.718161228023
51,23,2092.718161228023
23,52,1958.5739692895163
52,23,1958.5739692895163
23,53,3328.0260346134905
53,23,3328.0260346134905
23,54,2518.244511781154
54,23,2518.244511781154
23,55,2274.8586857621776
55,23,2274.8586857621776
23,56,2061.3617445749496
56,23,2061.3617445749496
23,57,3244.185989391054
57,23,3244.185989391054
23,58,3511.6074092034214
58,23,3511.6074092034214
23,59,3435.467537187708
59,23,3435.467537187708
24,25,2093.021195425453
25,24,2093.021195425453
24,26,2067.790682006374
26,24,2067.790682006374
24,27,4248.183529128727
27,24,4248.183529128727
24,28,2895.397068630661
28,24,2895.397068630661
24,29,4730.630462000296
29,24,4730.630462000296
24,30,1000.1731785666049
30,24,1000.1731785666049
24,31,1381.9265987064784
31,24,1381.9265987064784
24,32,1466.995830812232
32,24,1466.995830812232
24,33,1899.5553696486757
33,24,1899.5553696486757
24,34,1725.7135866230026
34,24,1725.7135866230026
24,35,1059.2645775098597
35,24,1059.2645775098597
24,36,1189.9231839393397
36,24,1189.9231839393397
24,37,914.1659817150288
37,24,914.1659817150288
24,38,974.232899183048
38,24,974.232899183048
24,39,1876.1661650039227
39,24,1876.1661650039227
24,40,2074.319674596059
40,24,2074.319674596059
24,41,1626.9308093486004
41,24,1626.9308093486004
24,42,1595.329320492813
42,24,1595.329320492813
24,43,1796.7148828193726
43,24,1796.7148828193726
24,44,1471.985198090366
44,24,1471.985198090366
24,45,1501.5642061869771
45,24,1501.5642061869771
24,46,2730.5316765167427
46,24,2730.5316765167427
24,47,749.197474621882
47,24,749.197474621882
24,48,3541.778296270271
48,24,3541.778296270271
24,49,1153.9545979441489
49,24,1153.9545979441489
24,50,848.5068041341732
50,24,848.5068041341732
24,51,1445.758107592478
51,24,1445.758107592478
24,52,954.9325742618173
52,24,954.9325742618173
24,53,2509.7280510431565
53,24,2509.7280510431565
24,54,1568.0938107680092
54,24,1568.0938107680092
24,55,1491.0584552696505
55,24,1491.0584552696505
24,56,1077.498609215765
56,24,1077.498609215765
24,57,2754.4886864437617
57,24,2754.4886864437617
24,58,2481.2456982086915
58,24,2481.2456982086915
24,59,1401.7336973734778
59,24,1401.7336973734778
25,26,3969.650709889223
26,25,3969.650709889223
25,27,4672.788312271123
27,25,4672.788312271123
25,28,3113.489133081317
28,25,3113.489133081317
25,29,5281.896446445284
29,25,5281.896446445284
25,30,3500.6745104237825
30,25,3500.6745104237825
25,31,1774.0625299373125
31,25,1774.0625299373125
25,32,2324.901952599574
32,25,2324.901952599574
25,33,2084.163954230866
33,25,2084.163954230866
25,34,2788.214126520351
34,25,2788.214126520351
25,35,2156.542073578991
35,25,2156.542073578991
25,36,1552.9335085750713
36,25,1552.9335085750713
25,37,3044.492557598414
37,25,3044.492557598414
25,38,2685.141308754401
38,25,2685.141308754401
25,39,1916.1495921715461
39,25,1916.1495921715461
25,40,2981.7425058426206
40,25,2981.7425058426206
25,41,2193.8373862310154
41,25,2193.8373862310154
25,42,1991.1551799312733
42,25,1991.1551799312733
25,43,2177.9625402417437
43,25,2177.9625402417437
25,44,2661.0959638074464
44,25,2661.0959638074464
25,45,2654.202242854548
45,25,2654.202242854548
25,46,3677.9745898026968
46,25,3677.9745898026968
25,47,1979.0583009185568
47,25,1979.0583009185568
25,48,2112.8251947996278
48,25,2112.8251947996278
25,49,2437.1029470482563
49,25,2437.1029470482563
25,50,1905.584899146575
50,25,1905.584899146575
25,51,2776.5006083172975
51,25,2776.5006083172975
25,52,1864.2752288579043
52,25,1864.2752288579043
25,53,2668.48208601566
53,25,2668.48208601566
25,54,2466.8470566225355
54,25,2466.8470566225355
25,55,2349.0326146587154
55,25,2349.0326146587154
25,56,2171.8964494785114
56,25,2171.8964494785114
25,57,2973.7693870503754
57,25,2973.7693870503754
25,58,2660.093083137947
58,25,2660.093083137947
25,59,2623.4876459514157
59,25,2623.4876459514157
26,27,3590.8630451221834
27,26,3590.8630451221834
26,28,2771.149441962739
28,26,2771.149441962739
26,29,4723.001345159044
29,26,4723.001345159044
26,30,2641.03733694891
30,26,2641.03733694891
26,31,3223.9986430167587
31,26,3223.9986430167587
26,32,2653.7468465082434
32,26,2653.7468465082434
26,33,3988.8043449534657
33,26,3988.8043449534657
26,34,3953.540626072624
34,26,3953.540626072624
26,35,2513.4729891325737
35,26,2513.4729891325737
26,36,2297.0278140618666
36,26,2297.0278140618666
26,37,2200.027018738689
37,26,2200.027018738689
26,38,2221.538471058412
38,26,2221.538471058412
26,39,2538.2294204906702
39,26,2538.2294204906702
26,40,4431.978813177401
40,26,4431.978813177401
26,41,2596.386065468002
41,26,2596.386065468002
26,42,3881.4654571746382
42,26,3881.4654571746382
26,43,3891.8841119771023
43,26,3891.8841119771023
26,44,3198.0238790090525
44,26,3198.0238790090525
26,45,3230.2834914421287
45,26,3230.2834914421287
26,46,5218.482987313361
46,26,5218.482987313361
26,47,2740.3367793615703
47,26,2740.3367793615703
26,48,4704.4669568577465
48,26,4704.4669568577465
26,49,2968.836944571807
49,26,2968.836944571807
26,50,3059.8322856302843
50,26,3059.8322856302843
26,51,3487.0356910732494
51,26,3487.0356910732494
26,52,2472.1755424536827
52,26,2472.1755424536827
26,53,3368.654560051263
53,26,3368.654560051263
26,54,2442.7912126586175
54,26,2442.7912126586175
26,55,2597.620288650963
55,26,2597.620288650963
26,56,3160.24349084127
56,26,3160.24349084127
26,57,4088.2582824216274
57,26,4088.2582824216274
26,58,3685.0909928608417
58,26,3685.0909928608417
26,59,2952.2216835254612
59,26,2952.2216835254612
27,28,4100.8563562006
28,27,4100.8563562006
27,29,6476.726088482086
29,27,6476.726088482086
27,30,4926.960187471597
30,27,4926.960187471597
27,31,3611.612302142285
31,27,3611.612302142285
27,32,3831.786242806703
32,27,3831.786242806703
27,33,5352.909735585645
33,27,5352.909735585645
27,34,3969.9948842335616
34,27,3969.9948842335616
27,35,4884.5010452212755
35,27,4884.5010452212755
27,36,4654.435768966434
36,27,4654.435768966434
27,37,4443.44552381983
37,27,4443.44552381983
27,38,5173.356901163168
38,27,5173.356901163168
27,39,3228.2102225973017
39,27,3228.2102225973017
27,40,6144.674276536068
40,27,6144.674276536068
27,41,4255.100495243898
41,27,4255.100495243898
27,42,5989.734674593681
42,27,5989.734674593681
27,43,4680.63779908831
43,27,4680.63779908831
27,44,4529.794515476589
44,27,4529.794515476589
27,45,5106.95846707718
45,27,5106.95846707718
27,46,7347.237007352126
46,27,7347.237007352126
27,47,4598.50638562521
47,27,4598.50638562521
27,48,5827.659052189694
48,27,5827.659052189694
27,49,5019.483143714712
49,27,5019.483143714712
27,50,5036.203678473949
50,27,5036.203678473949
27,51,5389.570158882412
51,27,5389.570158882412
27,52,4553.363506914138
52,27,4553.363506914138
27,53,5815.782540503751
53,27,5815.782540503751
27,54,4172.097832466104
54,27,4172.097832466104
27,55,4106.254638986774
55,27,4106.254638986774
27,56,5580.221200776013
56,27,5580.221200776013
27,57,5523.221520861249
57,27,5523.221520861249
27,58,4278.5284656358035
58,27,4278.5284656358035
27,59,4333.297264300728
59,27,4333.297264300728
28,29,3625.228607652685
29,28,3625.228607652685
28,30,2638.7800328285666
30,28,2638.7800328285666
28,31,2212.6827925810567
31,28,2212.6827925810567
28,32,2149.4356552570543
32,28,2149.4356552570543
28,33,2887.287419380208
33,28,2887.287419380208
28,34,2325.0406347675334
34,28,2325.0406347675334
28,35,3232.7351429474184
35,28,3232.7351429474184
28,36,2365.3011930232874
36,28,2365.3011930232874
28,37,2235.370638103488
37,28,2235.370638103488
28,38,2140.318279897496
38,28,2140.318279897496
28,39,1537.1182074124777
39,28,1537.1182074124777
28,40,3144.1035857964966
40,28,3144.1035857964966
28,41,2574.4834737452575
41,28,2574.4834737452575
28,42,2649.0467517932707
42,28,2649.0467517932707
28,43,2732.8633821650524
43,28,2732.8633821650524
28,44,3735.714288035257
44,28,3735.714288035257
28,45,2761.3953986051674
45,28,2761.3953986051674
28,46,4462.802696658246
46,28,4462.802696658246
28,47,2271.653824938634
47,28,2271.653824938634
28,48,4405.187998918449
48,28,4405.187998918449
28,49,2893.0103792718883
49,28,2893.0103792718883
28,50,2442.566544165375
50,28,2442.566544165375
28,51,2532.1362993928124
51,28,2532.1362993928124
28,52,2501.247141300043
52,28,2501.247141300043
28,53,3305.4531044866017
53,28,3305.4531044866017
28,54,2794.142307926933
54,28,2794.142307926933
28,55,2669.8129796494345
55,28,2669.8129796494345
28,56,2873.665862004312
56,28,2873.665862004312
28,57,3324.032493175457
57,28,3324.032493175457
28,58,2911.80279043171
58,28,2911.80279043171
28,59,2695.6595451965118
59,28,2695.6595451965118
29,30,3076.3091808767913
30,29,3076.3091808767913
29,31,4334.456969012258
31,29,4334.456969012258
29,32,4420.562723120377
32,29,4420.562723120377
29,33,4703.459254490983
33,29,4703.459254490983
29,34,3958.5801411374678
34,29,3958.5801411374678
29,35,2904.3554663709647
35,29,2904.3554663709647
29,36,3274.9540983791394
36,29,3274.9540983791394
29,37,3753.9855883134346
37,29,3753.9855883134346
29,38,2883.7297012594904
38,29,2883.7297012594904
29,39,3707.6291835678203
39,29,3707.6291835678203
29,40,5355.81767215064
40,29,5355.81767215064
29,41,3551.5180090649237
41,29,3551.5180090649237
29,42,4509.149046563581
42,29,4509.149046563581
29,43,4766.604641744804
43,29,4766.604641744804
29,44,5708.493935821216
44,29,5708.493935821216
29,45,4202.756213920304
45,29,4202.756213920304
29,46,6239.978413589735
46,29,6239.978413589735
29,47,3535.4193746296055
47,29,3535.4193746296055
29,48,7619.191943187349
48,29,7619.191943187349
29,49,2989.2225103329138
49,29,2989.2225103329138
29,50,4545.360867988149
50,29,4545.360867988149
29,51,4590.5875384849
51,29,4590.5875384849
29,52,4057.5620511422976
52,29,4057.5620511422976
29,53,4762.639825605099
53,29,4762.639825605099
29,54,4408.555939796024
54,29,4408.555939796024
29,55,3045.7957125296225
55,29,3045.7957125296225
29,56,4714.654105657841
56,29,4714.654105657841
29,57,5897.015589439446
57,29,5897.015589439446
29,58,3929.3946404581184
58,29,3929.3946404581184
29,59,4838.149915836073
59,29,4838.149915836073
30,31,2099.457176222868
31,30,2099.457176222868
30,32,1255.4950581245448
32,30,1255.4950581245448
30,33,2481.256936262464
33,30,2481.256936262464
30,34,1597.2389009557185
34,30,1597.2389009557185
30,35,1747.7147368483759
35,30,1747.7147368483759
30,36,1419.6577858989936
36,30,1419.6577858989936
30,37,895.7471988967603
37,30,895.7471988967603
30,38,1204.0348065417752
38,30,1204.0348065417752
30,39,2588.2027685322128
39,30,2588.2027685322128
30,40,2158.9270811596966
40,30,2158.9270811596966
30,41,1943.5256481258639
41,30,1943.5256481258639
30,42,1991.2120188498404
42,30,1991.2120188498404
30,43,2318.1039281038647
43,30,2318.1039281038647
30,44,1977.9872046347512
44,30,1977.9872046347512
30,45,1314.328599989645
45,30,1314.328599989645
30,46,3991.3789766295013
46,30,3991.3789766295013
30,47,821.4877219338487
47,30,821.4877219338487
30,48,4547.770560417712
48,30,4547.770560417712
30,49,1236.823731990707
49,30,1236.823731990707
30,50,1261.0823136156246
50,30,1261.0823136156246
30,51,1662.9728512311212
51,30,1662.9728512311212
30,52,1682.8119755661326
52,30,1682.8119755661326
30,53,2511.3930096970475
53,30,2511.3930096970475
30,54,1413.7690716221011
54,30,1413.7690716221011
30,55,1360.6010787302298
55,30,1360.6010787302298
30,56,1557.4897826216522
56,30,1557.4897826216522
30,57,2521.957425266182
57,30,2521.957425266182
30,58,1800.444990060533
58,30,1800.444990060533
30,59,2248.1988864124405
59,30,2248.1988864124405
31,32,2535.1676485750677
32,31,2535.1676485750677
31,33,2566.240989337727
33,31,2566.240989337727
31,34,2331.7004804129506
34,31,2331.7004804129506
31,35,2008.2257236571072
35,31,2008.2257236571072
31,36,1853.2892473263873
36,31,1853.2892473263873
31,37,2572.71835172742
37,31,2572.71835172742
31,38,1996.8250791350958
38,31,1996.8250791350958
31,39,2114.3899819059047
39,31,2114.3899819059047
31,40,3427.27419016465
40,31,3427.27419016465
31,41,2132.151140677972
41,31,2132.151140677972
31,42,2385.3543762746735
42,31,2385.3543762746735
31,43,1822.89464156892
43,31,1822.89464156892
31,44,2371.037347444371
44,31,2371.037347444371
31,45,2207.562928952092
45,31,2207.562928952092
31,46,3630.989247321287
46,31,3630.989247321287
31,47,1639.0424663352126
47,31,1639.0424663352126
31,48,2583.512419918748
48,31,2583.512419918748
31,49,2007.9706709879742
49,31,2007.9706709879742
31,50,1514.0895591819294
50,31,1514.0895591819294
31,51,2451.743945993948
51,31,2451.743945993948
31,52,1470.699968080105
52,31,1470.699968080105
31,53,2269.9657985014287
53,31,2269.9657985014287
31,54,1950.8374802175567
54,31,1950.8374802175567
31,55,1705.0240953813282
55,31,1705.0240953813282
31,56,1596.8301207779955
56,31,1596.8301207779955
31,57,2623.8012623964414
57,31,2623.8012623964414
31,58,2479.9392525595877
58,31,2479.9392525595877
31,59,2344.4176092694665
59,31,2344.4176092694665
32,33,2385.302246980432
33,32,2385.302246980432
32,34,1616.591517279256
34,32,1616.591517279256
32,35,1925.981742539551
35,32,1925.981742539551
32,36,1763.710617812268
36,32,1763.710617812268
32,37,1889.2112111716167
37,32,1889.2112111716167
32,38,1839.1187002971699
38,32,1839.1187002971699
32,39,1462.3397533711507
39,32,1462.3397533711507
32,40,2398.9249553708855
40,32,2398.9249553708855
32,41,1715.3565311486284
41,32,1715.3565311486284
32,42,2254.5005687475996
42,32,2254.5005687475996
32,43,2367.2067773811286
43,32,2367.2067773811286
32,44,2443.418766862048
44,32,2443.418766862048
32,45,1909.1570564541664
45,32,1909.1570564541664
32,46,3942.428108971474
46,32,3942.428108971474
32,47,1201.4603078856042
47,32,1201.4603078856042
32,48,3756.251169034988
48,32,3756.251169034988
32,49,1541.9958089034376
49,32,1541.9958089034376
32,50,1619.9700826539843
50,32,1619.9700826539843
32,51,1665.6251181363891
51,32,1665.6251181363891
32,52,1817.3937765467733
52,32,1817.3937765467733
32,53,2741.666390592412
53,32,2741.666390592412
32,54,1928.7923793717134
54,32,1928.7923793717134
32,55,2317.2279449329826
55,32,2317.2279449329826
32,56,2124.858386629506
56,32,2124.858386629506
32,57,2762.7769815216025
57,32,2762.7769815216025
32,58,2342.36116132763
58,32,2342.36116132763
32,59,2251.9233118011316
59,32,2251.9233118011316
33,34,1810.6963077895766
34,33,1810.6963077895766
33,35,2019.5960406324716
35,33,2019.5960406324716
33,36,2140.388238507253
36,33,2140.388238507253
33,37,2912.921513023739
37,33,2912.921513023739
33,38,2281.6075027456127
38,33,2281.6075027456127
33,39,2053.8505154127006
39,33,2053.8505154127006
33,40,2788.3778020291215
40,33,2788.3778020291215
33,41,2513.6800908336145
41,33,2513.6800908336145
33,42,2037.077075663376
42,33,2037.077075663376
33,43,2343.662460381344
43,33,2343.662460381344
33,44,2587.155150740229
44,33,2587.155150740229
33,45,2019.0026829215828
45,33,2019.0026829215828
33,46,4270.059692864733
46,33,4270.059692864733
33,47,1920.7539531821028
47,33,1920.7539531821028
33,48,4275.44121194689
48,33,4275.44121194689
33,49,1383.3032342669107
49,33,1383.3032342669107
33,50,1824.4319659292396
50,33,1824.4319659292396
33,51,2574.4138384075723
51,33,2574.4138384075723
33,52,2302.7221119990713
52,33,2302.7221119990713
33,53,3058.915003581754
53,33,3058.915003581754
33,54,2399.3188880532557
54,33,2399.3188880532557
33,55,2461.8166020295853
55,33,2461.8166020295853
33,56,2362.996297293371
56,33,2362.996297293371
33,57,3203.760872900867
57,33,3203.760872900867
33,58,3669.6446877693365
58,33,3669.6446877693365
33,59,3296.723145975644
59,33,3296.723145975644
34,35,1899.380070869537
35,34,1899.380070869537
34,36,1800.0963999147887
36,34,1800.0963999147887
34,37,2000.9659187224668
37,34,2000.9659187224668
59.2651538725756
34,37,1955.729664167195
37,34,1955.729664167195
34,38,1780.1144974669398
38,34,1780.1144974669398
34,39,1732.1471133366517
39,34,1732.1471133366517
34,40,2254.244339838972
40,34,2254.244339838972
34,41,1997.7460593798507
41,34,1997.7460593798507
34,42,1712.7775532076128
42,34,1712.7775532076128
34,43,2493.407353825069
43,34,2493.407353825069
34,44,2088.4473136899273
44,34,2088.4473136899273
34,45,1496.785465964574
45,34,1496.785465964574
34,46,4223.286627641959
46,34,4223.286627641959
34,47,1612.539493845164
47,34,1612.539493845164
34,48,3819.464482434628
48,34,3819.464482434628
34,49,1431.3836584012824
49,34,1431.3836584012824
34,50,1383.8811621395855
50,34,1383.8811621395855
34,51,1825.4303218830767
51,34,1825.4303218830767
34,52,1793.076944594437
52,34,1793.076944594437
34,53,3425.8801481461187
53,34,3425.8801481461187
34,54,1524.8494872618007
54,34,1524.8494872618007
34,55,1958.475365516501
55,34,1958.475365516501
34,56,2101.655793217274
56,34,2101.655793217274
34,57,2860.9690986762184
57,34,2860.9690986762184
34,58,2421.213453204041
58,34,2421.213453204041
34,59,2402.8215321146586
59,34,2402.8215321146586
35,36,539.4813135355071
36,35,539.4813135355071
35,37,1810.7890859717086
37,35,1810.7890859717086
35,38,1124.441087776427
38,35,1124.441087776427
35,39,2001.2630992418508
39,35,2001.2630992418508
35,40,2202.9794365408925
40,35,2202.9794365408925
35,41,1396.2362062267332
41,35,1396.2362062267332
35,42,1428.1614944940454
42,35,1428.1614944940454
35,43,1694.4355575007673
43,35,1694.4355575007673
35,44,1504.972160708734
44,35,1504.972160708734
35,45,1251.458101657447
45,35,1251.458101657447
35,46,2900.140038227824
46,35,2900.140038227824
35,47,1059.9274714639057
47,35,1059.9274714639057
35,48,3397.124948387096
48,35,3397.124948387096
35,49,1070.2790770240422
49,35,1070.2790770240422
35,50,929.1126424839143
50,35,929.1126424839143
35,51,1827.235368967065
51,35,1827.235368967065
35,52,1108.9647923097914
52,35,1108.9647923097914
35,53,2169.774618162736
53,35,2169.774618162736
35,54,1112.6198895183052
54,35,1112.6198895183052
35,55,1228.603892946896
55,35,1228.603892946896
35,56,1385.111489025338
56,35,1385.111489025338
35,57,2576.8123368996335
57,35,2576.8123368996335
35,58,2389.7926204785867
58,35,2389.7926204785867
35,59,1169.2562639086038
59,35,1169.2562639086038
36,37,1338.4251505746415
37,36,1338.4251505746415
36,38,926.5898010832146
38,36,926.5898010832146
36,39,1597.5401439886325
39,36,1597.5401439886325
36,40,2045.4128509998093
40,36,2045.4128509998093
36,41,1659.0319046450174
41,36,1659.0319046450174
36,42,1211.285713151675
42,36,1211.285713151675
36,43,1963.8141887900558
43,36,1963.8141887900558
36,44,1640.521265560923
44,36,1640.521265560923
36,45,1153.182709020012
45,36,1153.182709020012
36,46,3766.3820832090314
46,36,3766.3820832090314
36,47,1061.7334494586535
47,36,1061.7334494586535
36,48,3288.7458425892983
48,36,3288.7458425892983
36,49,1128.3273032685777
49,36,1128.3273032685777
36,50,1324.3755554037023
50,36,1324.3755554037023
36,51,1636.3656560336167
51,36,1636.3656560336167
36,52,1357.7919837420402
52,36,1357.7919837420402
36,53,1869.2598759748594
53,36,1869.2598759748594
36,54,1315.3921694473408
54,36,1315.3921694473408
36,55,1267.3422768049948
55,36,1267.3422768049948
36,56,1580.9252070238244
56,36,1580.9252070238244
36,57,2110.0679972841795
57,36,2110.0679972841795
36,58,1832.9611031308687
58,36,1832.9611031308687
36,59,1593.1624202034689
59,36,1593.1624202034689
37,38,1162.197312784833
38,37,1162.197312784833
37,39,1633.0024434070444
39,37,1633.0024434070444
37,40,2873.9669800375177
40,37,2873.9669800375177
37,41,2697.1540264264704
41,37,2697.1540264264704
37,42,2159.365425112953
42,37,2159.365425112953
37,43,3032.1666720078438
43,37,3032.1666720078438
37,44,2926.6393997971036
44,37,2926.6393997971036
37,45,2020.8739545076346
45,37,2020.8739545076346
37,46,5238.26870559191
46,37,5238.26870559191
37,47,1193.4424507778263
47,37,1193.4424507778263
37,48,4482.437031102543
48,37,4482.437031102543
37,49,1527.3723596244113
49,37,1527.3723596244113
37,50,2072.4426901218526
50,37,2072.4426901218526
37,51,2540.7537482432867
51,37,2540.7537482432867
37,52,1899.11603371553
52,37,1899.11603371553
37,53,2938.3361389523243
53,37,2938.3361389523243
37,54,1937.2602442501914
54,37,1937.2602442501914
37,55,2167.915298196066
55,37,2167.915298196066
37,56,2605.113410683532
56,37,2605.113410683532
37,57,3310.691128461907
57,37,3310.691128461907
37,58,2618.88461983035
58,37,2618.88461983035
37,59,2565.17331393379
59,37,2565.17331393379
38,39,1200.320777744652
39,38,1200.320777744652
38,40,2156.7437841932506
40,38,2156.7437841932506
38,41,2200.2916751386456
41,38,2200.2916751386456
38,42,1809.4157974317975
42,38,1809.4157974317975
38,43,2381.195707296739
43,38,2381.195707296739
38,44,2351.9274353371957
44,38,2351.9274353371957
38,45,1759.667482404458
45,38,1759.667482404458
38,46,3436.050191073511
46,38,3436.050191073511
38,47,1177.7487255320018
47,38,1177.7487255320018
38,48,4678.1831635024855
48,38,4678.1831635024855
38,49,1667.3962113099406
49,38,1667.3962113099406
38,50,1506.4591752726783
50,38,1506.4591752726783
38,51,1773.5385801148525
51,38,1773.5385801148525
38,52,1313.8099985571187
52,38,1313.8099985571187
38,53,2063.8584698330733
53,38,2063.8584698330733
38,54,1977.0663578909393
54,38,1977.0663578909393
38,55,1518.9564792195918
55,38,1518.9564792195918
38,56,1787.6497265498188
56,38,1787.6497265498188
38,57,3023.720922590279
57,38,3023.720922590279
38,58,2159.008778151584
58,38,2159.008778151584
38,59,2020.458282045775
59,38,2020.458282045775
39,40,2554.7739807901066
40,39,2554.7739807901066
39,41,2339.753691167317
41,39,2339.753691167317
39,42,2030.6164510362057
42,39,2030.6164510362057
39,43,2444.8725302457315
43,39,2444.8725302457315
39,44,2544.3933177222543
44,39,2544.3933177222543
39,45,2416.4994092077895
45,39,2416.4994092077895
39,46,4095.8866335463017
46,39,4095.8866335463017
39,47,1847.9806873190787
47,39,1847.9806873190787
39,48,3956.6182142431016
48,39,3956.6182142431016
39,49,1761.2485633275246
49,39,1761.2485633275246
39,50,1747.7284969190246
50,39,1747.7284969190246
39,51,1868.0486109265871
51,39,1868.0486109265871
39,52,2164.616758180058
52,39,2164.616758180058
39,53,2946.4961338852254
53,39,2946.4961338852254
39,54,2304.1280774295838
54,39,2304.1280774295838
39,55,2294.4074053423815
55,39,2294.4074053423815
39,56,2794.989353210722
56,39,2794.989353210722
39,57,3657.6116818285436
57,39,3657.6116818285436
39,58,3066.8729763847505
58,39,3066.8729763847505
39,59,2925.7324463768277
59,39,2925.7324463768277
40,41,1691.6217682262136
41,40,1691.6217682262136
40,42,496.50503910516244
42,40,496.50503910516244
40,43,1892.8000939979022
43,40,1892.8000939979022
40,44,2518.6540445959786
44,40,2518.6540445959786
40,45,294.33504773957736
45,40,294.33504773957736
40,46,2645.329006401579
46,40,2645.329006401579
40,47,1984.6182958498982
47,40,1984.6182958498982
40,48,4116.565017609626
48,40,4116.565017609626
40,49,1706.4124999949333
49,40,1706.4124999949333
40,50,1564.5465030957323
50,40,1564.5465030957323
40,51,1576.6168890606073
51,40,1576.6168890606073
40,52,1612.9290749782547
52,40,1612.9290749782547
40,53,2963.89436004826
53,40,2963.89436004826
40,54,2001.161687077441
54,40,2001.161687077441
40,55,1661.7039251088838
55,40,1661.7039251088838
40,56,1639.3454480046312
56,40,1639.3454480046312
40,57,2749.3086572471684
57,40,2749.3086572471684
40,58,1560.7950840091405
58,40,1560.7950840091405
40,59,2251.611020035906
59,40,2251.611020035906
41,42,1187.3543413952764
42,41,1187.3543413952764
41,43,392.0362721835812
43,41,392.0362721835812
41,44,1581.1508922673372
44,41,1581.1508922673372
41,45,1138.9161144087793
45,41,1138.9161144087793
41,46,2368.7300126522223
46,41,2368.7300126522223
41,47,1585.2433208833352
47,41,1585.2433208833352
41,48,3530.0379321761284
48,41,3530.0379321761284
41,49,1333.1556589055624
49,41,1333.1556589055624
41,50,1016.3605194658264
50,41,1016.3605194658264
41,51,1175.4148112133003
51,41,1175.4148112133003
41,52,1161.8759287419352
52,41,1161.8759287419352
41,53,2294.0319223252263
53,41,2294.0319223252263
41,54,966.4112213783368
54,41,966.4112213783368
41,55,858.3516778645137
55,41,858.3516778645137
41,56,1096.9033528423154
56,41,1096.9033528423154
41,57,1811.575668273418
57,41,1811.575668273418
41,58,1714.1245477045813
58,41,1714.1245477045813
41,59,1386.1855408426682
59,41,1386.1855408426682
42,43,1299.5874215227414
43,42,1299.5874215227414
42,44,1985.855398110472
44,42,1985.855398110472
42,45,434.2373852238535
45,42,434.2373852238535
42,46,1958.837718419512
46,42,1958.837718419512
42,47,1264.7329532023464
47,42,1264.7329532023464
42,48,3646.7690326607967
48,42,3646.7690326607967
42,49,1088.1877725898203
49,42,1088.1877725898203
42,50,863.3907788810008
50,42,863.3907788810008
42,51,1075.2936303825775
51,42,1075.2936303825775
42,52,1131.3253853694846
52,42,1131.3253853694846
42,53,1825.265461697416
53,42,1825.265461697416
42,54,1240.0241307443116
54,42,1240.0241307443116
42,55,1027.8072712755304
55,42,1027.8072712755304
42,56,1110.0342702685007
56,42,1110.0342702685007
42,57,1826.479210535216
57,42,1826.479210535216
42,58,1967.0137207725434
58,42,1967.0137207725434
42,59,1654.1146343432483
59,42,1654.1146343432483
43,44,1666.1517600465857
44,43,1666.1517600465857
43,45,1823.5540646188297
45,43,1823.5540646188297
43,46,2751.9959534970976
46,43,2751.9959534970976
43,47,1833.6967877617906
47,43,1833.6967877617906
43,48,3344.437065824349
48,43,3344.437065824349
43,49,1740.520731312115
49,43,1740.520731312115
43,50,1068.6085455966463
50,43,1068.6085455966463
43,51,1181.0059929359388
51,43,1181.0059929359388
43,52,1336.747499173271
52,43,1336.747499173271
43,53,2103.4810002313807
53,43,2103.4810002313807
43,54,1128.8350716489801
54,43,1128.8350716489801
43,55,1312.9266326175461
55,43,1312.9266326175461
43,56,1230.0612596968444
56,43,1230.0612596968444
43,57,2719.020300088491
57,43,2719.020300088491
43,58,2065.360532084126
58,43,2065.360532084126
43,59,1862.9324220571168
59,43,1862.9324220571168
44,45,1421.5190208386657
45,44,1421.5190208386657
44,46,2075.1105289515326
46,44,2075.1105289515326
44,47,1576.6663902127164
47,44,1576.6663902127164
44,48,3144.0685618622533
48,44,3144.0685618622533
44,49,1251.608305114002
49,44,1251.608305114002
44,50,1000.3609276411529
50,44,1000.3609276411529
44,51,1736.0554995089692
51,44,1736.0554995089692
44,52,1242.9617149524424
52,44,1242.9617149524424
44,53,1893.5838821546308
53,44,1893.5838821546308
44,54,1087.1542418140116
54,44,1087.1542418140116
44,55,1423.3831498701443
55,44,1423.3831498701443
44,56,1508.1061665000839
56,44,1508.1061665000839
44,57,2082.804931294627
57,44,2082.804931294627
44,58,3007.0740002205266
58,44,3007.0740002205266
44,59,1239.7469927137442
59,44,1239.7469927137442
45,46,2920.8262344084596
46,45,2920.8262344084596
45,47,1074.2246360518006
47,45,1074.2246360518006
45,48,3081.0476874070537
48,45,3081.0476874070537
45,49,887.2608054881402
49,45,887.2608054881402
45,50,1011.7313054657586
50,45,1011.7313054657586
45,51,1419.2548545350073
51,45,1419.2548545350073
45,52,1283.8514392441389
52,45,1283.8514392441389
45,53,2014.45822952334
53,45,2014.45822952334
45,54,1379.5559482459519
54,45,1379.5559482459519
45,55,1020.6638597125593
55,45,1020.6638597125593
45,56,1176.1579817761826
56,45,1176.1579817761826
45,57,1478.4889084780077
57,45,1478.4889084780077
45,58,1673.0723594640608
58,45,1673.0723594640608
45,59,1699.5044422320218
59,45,1699.5044422320218
46,47,2683.597180796026
47,46,2683.597180796026
46,48,5971.845547745324
48,46,5971.845547745324
46,49,2928.6067519409853
49,46,2928.6067519409853
46,50,2078.0964363561507
50,46,2078.0964363561507
46,51,1821.3509472125074
51,46,1821.3509472125074
46,52,2423.3731656157515
52,46,2423.3731656157515
46,53,3468.234217470009
53,46,3468.234217470009
46,54,2547.8285691987244
54,46,2547.8285691987244
46,55,2486.5684047718178
55,46,2486.5684047718178
46,56,1387.9096431049534
56,46,1387.9096431049534
46,57,2724.0139927522746
57,46,2724.0139927522746
46,58,3688.6844053781906
58,46,3688.6844053781906
46,59,609.0900751057605
59,46,609.0900751057605
47,48,2802.781830434943
48,47,2802.781830434943
47,49,1110.072827688818
49,47,1110.072827688818
47,50,698.7106491815451
50,47,698.7106491815451
47,51,1018.789946698044
51,47,1018.789946698044
47,52,859.6857141866283
52,47,859.6857141866283
47,53,1974.2642296889062
53,47,1974.2642296889062
47,54,1191.7419788794436
54,47,1191.7419788794436
47,55,1196.4482503014854
55,47,1196.4482503014854
47,56,756.226099518407
56,47,756.226099518407
47,57,1843.3634790853855
57,47,1843.3634790853855
47,58,2246.9759907565103
58,47,2246.9759907565103
47,59,1219.4670663150368
59,47,1219.4670663150368
48,49,3029.8070511688206
49,48,3029.8070511688206
48,50,3509.4855076007816
50,48,3509.4855076007816
48,51,4308.570546393896
51,48,4308.570546393896
48,52,3047.376201085462
52,48,3047.376201085462
48,53,2041.879771313976
53,48,2041.879771313976
48,54,3815.4174187668636
54,48,3815.4174187668636
48,55,2794.4944427524915
55,48,2794.4944427524915
48,56,3695.0113971436913
56,48,3695.0113971436913
48,57,3213.4909555618606
57,48,3213.4909555618606
48,58,4769.692277855016
58,48,4769.692277855016
48,59,3700.166261270472
59,48,3700.166261270472
49,50,1231.612829749512
50,49,1231.612829749512
49,51,1503.8489510476804
51,49,1503.8489510476804
49,52,1267.1162560087996
52,49,1267.1162560087996
49,53,2021.606446912283
53,49,2021.606446912283
49,54,1209.832334206683
54,49,1209.832334206683
49,55,1207.829765884757
55,49,1207.829765884757
49,56,1324.4230559355424
56,49,1324.4230559355424
49,57,2769.477904781502
57,49,2769.477904781502
49,58,1545.7408835186793
58,49,1545.7408835186793
49,59,1797.0698262310045
59,49,1797.0698262310045
50,51,950.2539048465773
51,50,950.2539048465773
50,52,601.0485582261523
52,50,601.0485582261523
50,53,1843.5139908284923
53,50,1843.5139908284923
50,54,814.5073123083114
54,50,814.5073123083114
50,55,889.2075106757675
55,50,889.2075106757675
50,56,603.8577751305716
56,50,603.8577751305716
50,57,1524.9169787964881
57,50,1524.9169787964881
50,58,1989.668247212543
58,50,1989.668247212543
50,59,1336.5550686522606
59,50,1336.5550686522606
51,52,1359.9414996645996
52,51,1359.9414996645996
51,53,2352.46682337403
53,51,2352.46682337403
51,54,1363.5717565269974
54,51,1363.5717565269974
51,55,1730.3309623267473
55,51,1730.3309623267473
51,56,544.2619248949543
56,51,544.2619248949543
51,57,2649.9427026431486
57,51,2649.9427026431486
51,58,2070.4371239465263
58,51,2070.4371239465263
51,59,1495.9364432411587
59,51,1495.9364432411587
52,53,1960.1997584573699
53,52,1960.1997584573699
52,54,867.9567464006902
54,52,867.9567464006902
52,55,813.4034148720274
55,52,813.4034148720274
52,56,1077.2692437616172
56,52,1077.2692437616172
52,57,2073.553655524839
57,52,2073.553655524839
52,58,1678.033043961626
58,52,1678.033043961626
52,59,1434.4856792004052
59,52,1434.4856792004052
53,54,2041.1248569308023
54,53,2041.1248569308023
53,55,1650.5160379617719
55,53,1650.5160379617719
53,56,1824.396659186994
56,53,1824.396659186994
53,57,1764.5506524144432
57,53,1764.5506524144432
53,58,3025.508888411504
58,53,3025.508888411504
53,59,2399.2183918812284
59,53,2399.2183918812284
54,55,1027.6719078066876
55,54,1027.6719078066876
54,56,1060.8863204601926
56,54,1060.8863204601926
54,57,1871.5078906843512
57,54,1871.5078906843512
54,58,1941.7698070942358
58,54,1941.7698070942358
54,59,1371.7121005082593
59,54,1371.7121005082593
55,56,1386.85388681727
56,55,1386.85388681727
55,57,1609.0547007332293
57,55,1609.0547007332293
55,58,1689.4529573949117
58,55,1689.4529573949117
55,59,1582.2505182896684
59,55,1582.2505182896684
56,57,2139.0705128826244
57,56,2139.0705128826244
56,58,2242.2412272214724
58,56,2242.2412272214724
56,59,1403.4118527695507
59,56,1403.4118527695507
57,58,3666.60507478831
58,57,3666.60507478831
57,59,1455.2637552209308
59,57,1455.2637552209308
58,59,2609.3592977330536
59,58,2609.3592977330536
